Commune;nbr_stud
Abbeville;3285
Ablon-sur-Seine;374
Abondance;352
Achenheim;533
Acheux-en-Amiénois;274
Achicourt;526
Achères;1671
Acoua;1694
Agde;2456
Agen;6365
Agneaux;1050
Agnetz;866
Agon-Coutainville;269
Ahun;173
Aignan;91
Aigre;167
Aigrefeuille-d'Aunis;892
Aigrefeuille-sur-Maine;1170
Aigueperse;753
Aigues-Mortes;583
Aiguillon;950
Aigurande;134
Ailly-le-Haut-Clocher;303
Ailly-sur-Noye;446
Ailly-sur-Somme;500
Aime-la-Plagne;391
Airaines;362
Aire-sur-l'Adour;949
Aire-sur-la-Lys;2235
Airvault;303
Aix-Villemaur-Pâlis;402
Aix-en-Provence;14407
Aix-les-Bains;2629
Aixe-sur-Vienne;789
Aizenay;1363
Ajaccio;5366
Albert;1426
Albertville;2833
Albestroff;296
Albi;6085
Alby-sur-Chéran;577
Alençon;4124
Alfortville;2188
Algrange;478
Allaire;456
Allanche;61
Allassac;489
Allauch;1745
Allevard;523
Allonnes;1025
Allègre;199
Alo;20
Altkirch;1944
Alès;5912
Amancey;64
Ambarès-et-Lagrave;885
Ambazac;664
Ambert;782
Amboise;2720
Ambrières-les-Vallées;236
Ambérieu-en-Bugey;2785
Amiens;16023
Amilly;854
Amnéville;543
Amou;288
Amplepuis;711
Ancemont;324
Ancenis-Saint-Géréon;2903
Ancerville;290
Ancinnes;338
Ancy-le-Franc;164
Andernos-les-Bains;1640
Andouillé;365
Andrésy;815
Andrézieux-Bouthéon;2342
Anduze;462
Anet;528
Angers;17388
Anglet;2129
Anglure;292
Angoulême;8149
Angres;491
Angresse;569
Aniche;854
Anizy-le-Grand;508
Annecy;13229
Annemasse;3247
Annesse-et-Beaulieu;249
Annezin;606
Annoeullin;597
Annonay;4580
Annot;102
Anse;831
Anse-Bertrand;193
Antibes;6089
Antony;6473
Anzin;580
Anzin-Saint-Aubin;1185
Apatou;598
Apt;1650
Aramon;530
Arbent;627
Arbois;240
Arcachon;2446
Archiac;295
Arcis-sur-Aube;554
Arcueil;788
Ardentes;258
Ardres;1077
Arette;98
Argelès-Gazost;696
Argelès-sur-Mer;1272
Argences;536
Argentan;1796
Argentat-sur-Dordogne;478
Argenteuil;9739
Argenton-sur-Creuse;811
Argentonnay;393
Argentré-du-Plessis;615
Argonay;1373
Arinthod;219
Arlanc;104
Arles;4164
Arles-sur-Tech;291
Arleux;795
Armentières;4830
Arnage;505
Arnay-le-Duc;178
Arnouville;614
Arpajon;2609
Arques;517
Arradon;855
Arras;7768
Ars-sur-Moselle;485
Arsac;604
Art-sur-Meurthe;122
Artemare;307
Artenay;468
Arthez-de-Béarn;182
Artix;520
Arudy;248
Arue;1351
Arveyres;641
Arzacq-Arraziguet;369
Asfeld;464
Asnières-sur-Seine;5916
Athis-Mons;5174
Athis-Val de Rouvre;264
Attigny;311
Aubagne;4180
Aubenas;3391
Aubergenville;1948
Aubervilliers;6927
Aubigny-Les Clouzeaux;640
Aubigny-en-Artois;588
Aubigny-sur-Nère;524
Aubin;14
Aubière;1072
Aubusson;604
Auby;394
Auch;2772
Auchel;1304
Auchy-les-Mines;441
Auchy-lès-Hesdin;165
Audenge;543
Audincourt;608
Audruicq;576
Audun-le-Roman;314
Audun-le-Tiche;354
Aulnay;211
Aulnay-sous-Bois;8958
Aulnoy-lez-Valenciennes;387
Aulnoye-Aymeries;1067
Aumale;550
Aumetz;320
Auneau-Bleury-Saint-Symphorien;932
Auneuil;474
Auray;1747
Aurec-sur-Loire;485
Aureilhan;23
Aurignac;206
Aurillac;3968
Aussonne;800
Auterive;791
Authon-du-Perche;179
Autun;1509
Auvers-sur-Oise;491
Auxerre;5022
Auxi-le-Château;187
Auxonne;1285
Auzances;134
Avallon;1127
Avesnelles;547
Avesnes-le-Comte;460
Avesnes-les-Aubert;480
Avesnes-sur-Helpe;1064
Avignon;10219
Avion;1259
Avize;371
Avoine;472
Avon;1363
Avord;335
Avranches;2609
Avrillé;709
Ax-les-Thermes;186
Ayguesvives;772
Aytré;447
Azay-le-Rideau;660
Aÿ-Champagne;429
Baccarat;345
Bacqueville-en-Caux;288
Bagneux;1854
Bagnolet;2526
Bagnols-sur-Cèze;3849
Bagnères-de-Bigorre;975
Bagnères-de-Luchon;453
Baie-Mahault;3406
Baignes-Sainte-Radegonde;146
Baillargues;603
Bailleul;1564
Baillif;206
Bailly-Romainvilliers;460
Bain-de-Bretagne;2299
Balbigny;441
Ballan-Miré;570
Ballancourt-sur-Essonne;742
Ballon-Saint Mars;374
Balma;764
Bandol;358
Bandraboua;1373
Bandrele;1466
Bannalec;366
Banon;156
Bapaume;1037
Bar-le-Duc;2370
Bar-sur-Aube;829
Bar-sur-Seine;739
Baraqueville;525
Barberaz;23
Barbezieux-Saint-Hilaire;1121
Barby;588
Barcelonnette;474
Barentin;2246
Barjols;623
Barlin;556
Barr;1334
Bart;511
Basse-Goulaine;1583
Basse-Pointe;200
Basse-Terre;2592
Bassens;535
Bastia;5015
Baud;700
Baugé-en-Anjou;860
Baume-les-Dames;492
Bavay;1015
Bavilliers;24
Bayeux;3201
Bayon;467
Bayonne;7195
Bazancourt;571
Bazas;1369
Bazeilles;74
Bazoches-les-Gallerandes;403
Beaucaire;1456
Beaucamps-Ligny;2596
Beaucamps-le-Vieux;234
Beauce la Romaine;397
Beauchamp;559
Beaucourt;453
Beaufort;197
Beaufort-en-Anjou;691
Beaugency;2122
Beaujeu;290
Beaulieu-sur-Dordogne;148
Beaulieu-sur-Mer;541
Beaumont;543
Beaumont-de-Lomagne;659
Beaumont-le-Roger;710
Beaumont-lès-Valence;561
Beaumont-sur-Oise;1715
Beaumont-sur-Sarthe;445
Beaumontois en Périgord;239
Beaune;3424
Beaune-la-Rolande;572
Beaupréau-en-Mauges;2315
Beaurainville;465
Beaurepaire;744
Beaurevoir;262
Beauvais;9643
Bedous;109
Behren-lès-Forbach;326
Belfort;7306
Bellac;739
Belle-Isle-en-Terre;180
Bellefontaine;188
Bellegarde;942
Bellenaves;316
Bellerive-sur-Allier;491
Belleu;502
Bellevaux;307
Bellevigne-en-Layon;371
Bellevigny;627
Belleville-en-Beaujolais;2437
Belley;2089
Bellignat;662
Bellême;248
Belmont-sur-Rance;189
Benet;561
Benfeld;759
Berck;1608
Bergerac;3870
Bergues;747
Berlaimont;316
Bernaville;301
Bernay;2194
Bernes-sur-Oise;523
Berre-l'Etang;703
Bertincourt;270
Besançon;13038
Bessancourt;567
Besse-et-Saint-Anastaise;246
Besse-sur-Issole;782
Bessines-sur-Gartempe;227
Bessèges;172
Bessé-sur-Braye;145
Bethoncourt;353
Betton;575
Betz;500
Beuvrages;476
Beuvry;1311
Beuzeville;521
Bevons;68
Beynat;178
Beynes;713
Beynost;539
Bezons;2023
Biache-Saint-Vaast;597
Biarritz;2050
Bidache;237
Biganos;507
Biguglia;618
Bihorel;645
Billom;1017
Billy-Montigny;500
Billère;652
Biot;815
Biscarrosse;824
Bischheim;2462
Bischwiller;1604
Bitche;922
Bizanos;588
Blagnac;2208
Blain;2139
Blainville-sur-Orne;334
Blainville-sur-l'Eau;520
Blamont;198
Blancs-Coteaux;321
Blangy-sur-Bresle;415
Blanquefort;1849
Blanzy;47
Blaye;1950
Blaye-les-Mines;580
Blesle;62
Bletterans;397
Bligny-sur-Ouche;88
Blois;7802
Blotzheim;490
Blénod-lès-Pont-à-Mousson;672
Bléré;566
Bobigny;4182
Bogny-sur-Meuse;180
Bohain-en-Vermandois;705
Bois-Colombes;2556
Bois-Guillaume;1183
Bois-d'Arcy;723
Bois-le-Roi;632
Boissy-Saint-Léger;998
Bolbec;1355
Bollène;1925
Bon-Encontre;809
Bondoufle;1820
Bondues;1505
Bondy;4912
Bonifacio;261
Bonnat;140
Bonnelles;320
Bonneuil-sur-Marne;560
Bonneval;554
Bonneville;1581
Bonnières-sur-Seine;1023
Bons-en-Chablais;737
Bonsecours;424
Boos;538
Bora-bora;938
Bordeaux;28406
Bormes-les-Mimosas;429
Bornel;521
Bort-les-Orgues;154
Bouaye;1872
Bouc-Bel-Air;657
Boucau;368
Bouchain;763
Bouffémont;416
Bougival;383
Bouillante;277
Bouillargues;829
Bouilly;609
Boulay-Moselle;680
Boulazac Isle Manoire;27
Bouligny;199
Boulogne-Billancourt;7533
Boulogne-sur-Gesse;174
Boulogne-sur-Mer;4945
Bouloire;431
Bourail;134
Bourbon-Lancy;327
Bourbon-l'Archambault;258
Bourbonne-les-Bains;166
Bourbourg;999
Bourbriac;149
Bourcefranc-le-Chapus;526
Bourg;626
Bourg-Achard;824
Bourg-Argental;383
Bourg-Lastic;102
Bourg-Saint-Andéol;1580
Bourg-Saint-Maurice;946
Bourg-de-Péage;1709
Bourg-en-Bresse;8037
Bourg-la-Reine;2250
Bourg-lès-Valence;1564
Bourganeuf;307
Bourges;8128
Bourgoin-Jallieu;4586
Bourgueil;499
Bourlon;238
Bourmont-entre-Meuse-et-Mouzon;166
Bourneville-Sainte-Croix;534
Boussac;144
Boussy-Saint-Antoine;858
Bouvigny-Boyeffles;553
Bouxwiller;999
Bouzonville;510
Bouéni;809
Bozel;289
Boëge;499
Boën-sur-Lignon;757
Bracieux;415
Braine;491
Bram;616
Branne;549
Brantôme en Périgord;302
Bras-Panon;1227
Brassac;229
Brassac-les-Mines;203
Bray-Dunes;458
Bray-et-Lû;333
Bray-sur-Seine;613
Bray-sur-Somme;183
Brazey-en-Plaine;421
Brech;771
Breil-sur-Roya;101
Brenouille;459
Bresles;522
Bressuire;2714
Brest;13609
Bretenoux;314
Breteuil;893
Bretteville-sur-Laize;521
Breuil-le-Vert;753
Brezolles;341
Briançon;1686
Briare;386
Bricquebec-en-Cotentin;533
Brie-Comte-Robert;2364
Briec;757
Brienne-le-Château;393
Brienon-sur-Armançon;229
Brignais;447
Brignoles;3196
Brignon;744
Briis-sous-Forges;504
Brindas;803
Brionne;652
Briord;544
Brioude;1389
Brioux-sur-Boutonne;264
Briouze;157
Brissac Loire Aubance;986
Brive-la-Gaillarde;6703
Brives-Charensac;1057
Brochon;1332
Broglie;175
Bron;3027
Broons;749
Brou;484
Brou-sur-Chantereine;295
Bruay-la-Buissière;2381
Bruay-sur-l'Escaut;550
Bruges;399
Brumath;672
Brunoy;4366
Brunstatt-Didenheim;503
Bruyères;973
Bruz;3052
Bry-sur-Marne;1214
Bréal-sous-Montfort;662
Brécey;370
Bréhal;317
Brétigny-sur-Orge;3571
Bréval;544
Buc;1510
Buchy;631
Bueil;510
Buhl;372
Buis-les-Baronnies;188
Bully-les-Mines;1087
Bures-sur-Yvette;513
Burie;287
Burnhaupt-le-Haut;561
Bussy-Saint-Georges;3766
Buxerolles;578
Buxy;335
Buzançais;625
Bâgé-Dommartin;579
Bègles;2431
Bédarieux;1095
Bédarrides;505
Bégard;514
Bénaménil;296
Bénévent-l'Abbaye;179
Béthune;4699
Béziers;7254
Bû;442
Cabestany;851
Cabourg;188
Cabriès;605
Cachan;2831
Cadaujac;545
Cadenet;540
Cadillac-sur-Garonne;810
Cadours;657
Caen;16364
Cagnes-sur-Mer;2828
Cahors;3325
Calais;7288
Callac;157
Calonne-Ricouart;391
Caluire-et-Cuire;1382
Calvi;476
Calvisson;618
Cambo-les-Bains;954
Cambrai;5867
Camopi;124
Canala;270
Cancale;712
Candé;373
Canet-en-Roussillon;1959
Canisy;300
Cannes;7080
Canteleu;924
Cany-Barville;479
Capbreton;850
Capdenac-Gare;386
Capendu;344
Capestang;631
Capesterre-Belle-Eau;847
Capesterre-de-Marie-Galante;64
Cappelle-en-Pévèle;686
Cappelle-la-Grande;376
Carantec;228
Carbon-Blanc;627
Carbonne;516
Carcassonne;6674
Carcès;538
Carentan-les-Marais;1205
Carhaix-Plouguer;1319
Carignan;355
Carignan-de-Bordeaux;507
Carmaux;463
Carnac;706
Carnoux-en-Provence;428
Carpentras;4343
Carquefou;2711
Carqueiranne;670
Carrières-sous-Poissy;965
Carrières-sur-Seine;2110
Carros;844
Carrouges;146
Carspach;155
Carvin;2362
Cassel;505
Casseneuil;575
Cassis;676
Castelginest;667
Casteljaloux;455
Castelmoron-sur-Lot;205
Castelnau-de-Médoc;714
Castelnau-le-Lez;2055
Castelnaudary;2124
Castelsarrasin;1154
Castillon-la-Bataille;413
Castillonnès;192
Castres;4780
Castries;754
Cattenom;369
Caudan;307
Caudebec-lès-Elbeuf;439
Caudry;1742
Cauffry;620
Caumont-sur-Aure;344
Caussade;1062
Cavaillon;2905
Cayenne;7611
Cazouls-lès-Béziers;711
Cazères;1250
Ceaucé;172
Celles-sur-Belle;529
Cenon;1350
Cercy-la-Tour;98
Cergy;6404
Cerisy-la-Salle;200
Cerizay;650
Cernay;744
Cerny;478
Cervione;333
Cesson;1084
Cesson-Sévigné;2806
Cessy;407
Cestas;890
Ceyrat;585
Ceyzériat;623
Chabanais;260
Chabeuil;939
Chablis;368
Chabris;196
Chagny;629
Chalabre;92
Chalais;180
Chalindrey;173
Challans;4277
Chalon-sur-Saône;6785
Chalonnes-sur-Loire;467
Chamalières;2248
Chambly;599
Chambon-sur-Voueize;183
Chambourcy;554
Chambray-lès-Tours;593
Chambéry;7830
Chamonix-Mont-Blanc;1034
Champagne-Mouton;129
Champagne-au-Mont-d'Or;650
Champagne-sur-Seine;923
Champagney;425
Champagnole;1270
Champagné;441
Champcueil;622
Champdeniers;276
Champeix;411
Champier;719
Champigneulles;484
Champigny-sur-Marne;5349
Champs-sur-Marne;2106
Changé;418
Chanteloup-les-Vignes;586
Chantilly;1767
Chantonnay;1607
Chaource;176
Chaponnay;701
Chaponost;642
Charbonnières-les-Bains;1393
Charenton-le-Pont;2447
Charleville-Mézières;6085
Charlieu;1694
Charly-sur-Marne;748
Charmes;548
Charnay-lès-Mâcon;82
Charny;134
Charny Orée de Puisaye;271
Charolles;935
Charroux;164
Chars;19
Chartres;7801
Chartres-de-Bretagne;617
Charvieu-Chavagneux;541
Chasseneuil-sur-Bonnieure;398
Chassieu;625
Chatou;1186
Chatte;441
Chaudes-Aigues;114
Chauffailles;391
Chaulnes;352
Chaumont;2945
Chaumont-en-Vexin;854
Chauny;2561
Chaussin;356
Chauvigny;757
Chavanod;39
Chaville;1639
Chazay-d'Azergues;612
Chazelles-sur-Lyon;1376
Chef-Boutonne;228
Chelles;6433
Chemillé-en-Anjou;1495
Chennevières-sur-Marne;2149
Chenôve;630
Cherbourg-en-Cotentin;6997
Chessy;549
Chevigny-Saint-Sauveur;1428
Chevillon;259
Chevilly-Larue;1469
Chevreuse;755
Chiconi;945
Chilly-Mazarin;822
Chinon;1783
Chirens;643
Chirongui;2134
Choisy-le-Roi;2629
Cholet;5793
Chomérac;23
Châlette-sur-Loing;1349
Châlons-en-Champagne;4951
Châlus;271
Château-Arnoux-Saint-Auban;687
Château-Chinon (Ville);184
Château-Gontier-sur-Mayenne;1983
Château-Landon;279
Château-Renard;392
Château-Renault;696
Château-Salins;282
Château-Thierry;3096
Château-la-Vallière;280
Châteaubourg;1188
Châteaubriant;2070
Châteaudun;2140
Châteaugiron;1241
Châteaulin;1657
Châteaumeillant;224
Châteauneuf-de-Galaure;918
Châteauneuf-du-Faou;402
Châteauneuf-en-Thymerais;476
Châteauneuf-la-Forêt;194
Châteauneuf-les-Martigues;864
Châteauneuf-sur-Charente;460
Châteauneuf-sur-Loire;652
Châteauponsac;176
Châteaurenard;1086
Châteauroux;5288
Châteauvillain;162
Châtel-Guyon;475
Châtel-sur-Moselle;375
Châtelaillon-Plage;672
Châtelaudren-Plouagat;669
Châtellerault;3567
Châtelus-Malvaleix;146
Châtenay-Malabry;4146
Châtenois;661
Châtenoy-le-Royal;315
Châtillon;1883
Châtillon-le-Duc;615
Châtillon-sur-Chalaronne;793
Châtillon-sur-Indre;169
Châtillon-sur-Loire;292
Châtillon-sur-Seine;819
Chèvremont;162
Chécy;735
Chénérailles;169
Chéraute;287
Ciboure;298
Cilaos;318
Cintegabelle;300
Cirey-sur-Vezouze;283
Civray;836
Civrieux-d'Azergues;332
Clairac;24
Clairvaux-les-Lacs;210
Claix;500
Clamart;3919
Clamecy;539
Clapiers;627
Clarensac;587
Claveisolles;90
Claye-Souilly;1118
Clermont;2144
Clermont-Ferrand;13962
Clermont-en-Argonne;206
Clermont-l'Hérault;2129
Clichy;3070
Clichy-sous-Bois;2440
Clisson;2575
Cloyes-les-Trois-Rivières;359
Cluny;882
Cluses;3190
Clères;508
Cléder;103
Cléon;396
Cléon-d'Andran;507
Cléry-Saint-André;488
Cocheren;390
Cognac;2722
Cognin;488
Cogolin;1166
Coignières;453
Coligny;376
Collonges-sous-Salève;442
Colmar;7498
Colombes;6144
Colombey les Deux Eglises;112
Colombey-les-Belles;469
Colomiers;2967
Combourg;1695
Combs-la-Ville;2180
Comines;880
Commentry;498
Commercy;1368
Communay;618
Compiègne;7197
Concarneau;2103
Conches-en-Ouche;593
Condat;80
Condom;536
Condrieu;867
Condé-en-Brie;346
Condé-en-Normandie;652
Condé-sur-l'Escaut;1186
Conflans-Sainte-Honorine;3564
Confolens;731
Congis-sur-Thérouanne;169
Connerré;629
Contes;787
Contrexéville;376
Conty;447
Corbas;517
Corbeil-Essonnes;5835
Corbeny;383
Corbie;656
Corbigny;238
Corcieux;190
Cordes-sur-Ciel;253
Corenc;1920
Cormeilles;399
Cormeilles-en-Parisis;2410
Cormery;480
Cormontreuil;592
Cornimont;323
Corrèze;140
Corte;652
Cosne-Cours-sur-Loire;1483
Cosne-d'Allier;209
Cossé-le-Vivien;654
Coteaux-du-Blanzacais;196
Coubert;323
Coublevie;808
Couches;326
Coucy-le-Château-Auffrique;364
Coudekerque-Branche;1160
Couilly-Pont-aux-Dames;227
Couiza;267
Coulaines;522
Coulaures;11
Coulogne;464
Couloisy;532
Coulommiers;2683
Coulonges-sur-l'Autize;442
Coulounieix-Chamiers;339
Courbevoie;6839
Courcelles-lès-Lens;522
Courdimanche;706
Cournon-d'Auvergne;2814
Courpière;543
Courrières;490
Cours;286
Coursan;697
Courseulles-sur-Mer;428
Courson-les-Carrières;275
Courtenay;522
Courtry;543
Courville-sur-Eure;645
Courçon;769
Cousolre;156
Coutances;2032
Coutras;870
Couzeix;709
Couëron;736
Cozes;507
Cransac;131
Cranves-Sales;890
Craon;302
Craponne;709
Craponne-sur-Arzon;256
Creil;3226
Crest;2120
Creully sur Seulles;379
Creutzwald;1152
Crevin;531
Criquetot-l'Esneval;813
Crochte;303
Crocq;95
Croissy-sur-Seine;464
Croix;559
Crolles;551
Crosne;1018
Crotenay;60
Crouy-sur-Ourcq;317
Crozon;649
Cruas;299
Cruseilles;790
Crèvecoeur-le-Grand;548
Crécy-en-Ponthieu;269
Crécy-la-Chapelle;750
Crécy-sur-Serre;377
Crégy-lès-Meaux;596
Créhen;369
Crémieu;823
Créon;1037
Crépy-en-Valois;2340
Créteil;8240
Cudos;127
Cuers;986
Cuffies;412
Cugnaux;2310
Cuise-la-Motte;142
Cuiseaux;245
Cuisery;466
Culoz-Béon;405
Cunlhat;87
Cusset;3315
Custines;353
Cuxac-Cabardès;330
Cysoing;1596
Cérans-Foulletourte;305
Céret;561
Cérilly;119
Dadonville;534
Dagneux;1261
Dainville;709
Dambach-la-Ville;389
Dammarie-les-Lys;2377
Dammartin-en-Goële;1181
Damparis;283
Dampierre-sur-Salon;308
Damvillers;172
Dangé-Saint-Romain;525
Danjoutin;527
Dannemarie;413
Daoulas;471
Dardilly;185
Darnétal;960
Dax;3755
Deauville;879
Decazeville;962
Dechy;421
Decize;890
Delle;494
Delme;363
Dembeni;3510
Denain;2822
Derval;339
Descartes;180
Deshaies;183
Desvres;808
Dettwiller;242
Deuil-la-Barre;2358
Deux-Grosnes;191
Die;716
Diemeringen;260
Dieppe;4059
Dieulefit;343
Dieulouard;479
Dieuze;832
Digne-les-Bains;2549
Digoin;935
Dijon;17283
Dinan;3895
Dinard;749
Dives-sur-Mer;331
Divion;381
Divonne-les-Bains;524
Dol-de-Bretagne;1614
Dole;4022
Domart-en-Ponthieu;396
Dombasle-sur-Meurthe;725
Domfront en Poiraie;701
Dommartemont;358
Domont;2193
Dompaire;384
Dompierre-sur-Besbre;367
Dompierre-sur-Mer;800
Domène;663
Domérat;367
Donnemarie-Dontilly;465
Donzy;126
Dormans;404
Dornes;125
Douai;7362
Douarnenez;1279
Doubs;645
Douchy-les-Mines;623
Doudeville;374
Doulaincourt-Saucourt;216
Doullens;1357
Dourdan;2835
Dourges;578
Douvaine;1075
Douvres-la-Délivrande;1619
Douvrin;629
Douzy;341
Doué-en-Anjou;813
Doyet;147
Dozulé;317
Draguignan;3205
Drancy;6361
Drap;768
Draveil;1773
Dreux;5857
Drulingen;349
Drumettaz-Clarafond;579
Drusenheim;479
Ducey-Les Chéris;293
Duclair;655
Ducos;1529
Dugny;822
Dumbea;3276
Dun-le-Palestel;206
Dun-sur-Auron;351
Dunières;170
Dunkerque;8748
Duras;195
Durtal;326
Duttlenheim;475
Dzaoudzi;1870
Décines-Charpieu;3461
Déols;456
Désertines;498
Déville-lès-Rouen;1780
Eaubonne;2186
Eauze;350
Echenon;364
Echirolles;2594
Eckbolsheim;454
Ecommoy;489
Ecouché-les-Vallées;254
Ecouen;976
Ecquevilly;483
Ecueillé;88
Ecully;1213
Egletons;571
Eguzon-Chantôme;186
Einville-au-Jard;234
Elancourt;1044
Elbeuf;3636
Elne;1019
Eloyes;368
Elven;1027
Embrun;958
Emerainville;348
Enghien-les-Bains;3547
Ensisheim;724
Entre-Deux;413
Entre-deux-Guiers;288
Entrelacs;458
Epernay;3558
Epernon;492
Epinac;139
Epinal;5176
Epinay-sous-Sénart;1336
Epinay-sur-Orge;659
Epinay-sur-Seine;4315
Epouville;571
Epône;657
Eragny;991
Ermont;2737
Ernée;505
Erquy;140
Erstein;1623
Ervy-le-Châtel;234
Esbly;705
Escalquens;675
Escaudain;503
Escautpont;259
Eschau;709
Espalion;729
Espaly-Saint-Marcel;20
Espira-de-l'Agly;403
Essarts-en-Bocage;659
Essey-lès-Nancy;536
Estagel;361
Estaires;1252
Esternay;231
Estrées-Saint-Denis;863
Esvres;478
Etain;451
Etampes;4430
Etang-sur-Arroux;204
Etaples;915
Etel;396
Etréchy;565
Etrépagny;518
Etupes;563
Eu;1378
Evian-les-Bains;1896
Evran;163
Evrecy;634
Evreux;7967
Evron;757
Evry-Courcouronnes;7247
Excideuil;506
Eybens;530
Eyguières;609
Eymet;270
Eymoutiers;174
Eysines;926
Ezanville;607
Ezy-sur-Eure;577
Faaa;1148
Faches-Thumesnil;818
Fagnières;534
Falaise;1677
Falck;345
Fameck;2000
Faremoutiers;563
Farébersviller;559
Faucogney-et-la-Mer;192
Faulquemont;706
Fauquembergues;295
Faverges-Seythenex;554
Faverney;285
Fayence;684
Fayl-Billot;159
Feignies;307
Feillens;465
Felletin;260
Fenouillet;552
Ferney-Voltaire;3320
Ferrette;457
Ferrière-la-Grande;496
Ferrières-en-Gâtinais;642
Fessenheim;418
Feucherolles;545
Feuquières-en-Vimeu;431
Feurs;2167
Feyzin;480
Figanières;491
Figeac;1185
Firminy;2081
Fismes;772
Flamanville;257
Flavigny-sur-Moselle;125
Flavy-le-Martel;446
Flers;2571
Fleurance;396
Fleury-les-Aubrais;1376
Fleury-sur-Andelle;667
Fleury-sur-Orne;460
Flines-lez-Raches;312
Flixecourt;499
Floirac;1711
Florac Trois Rivières;239
Florange;528
Florensac;354
Foix;1708
Folschviller;370
Fondettes;470
Fonsorbes;1687
Font-Romeu-Odeillo-Via;816
Fontaine;889
Fontaine-Française;159
Fontaine-lès-Vervins;381
Fontainebleau;4892
Fontaines-sur-Saône;692
Fontenay-Trésigny;511
Fontenay-aux-Roses;783
Fontenay-le-Comte;2916
Fontenay-le-Fleury;600
Fontenay-sous-Bois;2764
Fontenilles;659
Fontoy;475
Forbach;2989
Forcalquier;476
Forges-les-Eaux;1260
Formerie;441
Fort-de-France;8622
Fortschwihr;782
Fos-sur-Mer;818
Fosses;1436
Fouesnant;1133
Foug;135
Fougerolles-Saint-Valbert;216
Fougères;4017
Foulayronnes;24
Fouquières-lès-Lens;336
Fourchambault;639
Fourmies;1561
Fournes-en-Weppes;96
Fraisans;409
Fraize;313
Francheville;628
Franconville;3794
Frangy;581
Franqueville-Saint-Pierre;1162
Frasne;329
Fresnay-sur-Sarthe;278
Fresnes;2308
Fresnes-en-Woëvre;279
Fresnes-sur-Escaut;350
Fresnoy-le-Grand;375
Freyming-Merlebach;549
Frignicourt;366
Friville-Escarbotin;1014
Froissy;445
Froncles;100
Frontenay-Rohan-Rohan;601
Frontenex;489
Frontignan;1611
Fronton;1901
Frouard;310
Fruges;483
Fréjus;2968
Frévent;532
Fumay;240
Fumel;727
Fère-Champenoise;257
Fère-en-Tardenois;512
Fécamp;3027
Gabarret;322
Gacé;308
Gagny;3185
Gaillac;1443
Gaillard;655
Gaillon;1058
Gaillon-sur-Montcient;517
Gallardon;536
Gallargues-le-Montueux;670
Gamaches;540
Gambier;82
Ganges;880
Gannat;597
Gap;4298
Garches;640
Gardanne;2186
Gargenville;626
Garges-lès-Gonesse;3662
Garlin;280
Garéoult;681
Gasny;554
Gassin;1720
Gauchy;411
Gavray-sur-Sienne;203
Geaune;262
Geispolsheim;618
Gelos;20
Genas;1607
Genech;1982
Genlis;560
Gennes-Val-de-Loire;475
Gennevilliers;3539
Gentilly;470
Gençay;426
Gerbéviller;252
Gerstheim;330
Gerzat;730
Gex;1744
Giberville;452
Giel-Courteilles;78
Gien;2468
Gif-sur-Yvette;2519
Gignac;1456
Gignac-la-Nerthe;1586
Gimont;386
Giromagny;418
Gisors;2501
Givet;518
Givors;2513
Givry;560
Gières;1175
Goderville;599
Golbey;656
Goncelin;566
Gond-Pontouvre;469
Gondecourt;1839
Gondrecourt-le-Château;124
Gonesse;3289
Gonfreville-l'Orcher;532
Gorges;1404
Gorron;97
Gourbeyre;246
Gourdan-Polignan;345
Gourdon;674
Gourin;584
Gournay-en-Bray;742
Gournay-sur-Marne;406
Goussainville;3654
Gouvieux;468
Gouzeaucourt;220
Goyave;250
Gradignan;2714
Gragnague;938
Gramat;388
Grand Bourgtheroulde;856
Grand-Bourg;425
Grand-Champ;431
Grand-Couronne;661
Grand-Fort-Philippe;179
Grand-Santi;529
Grande-Synthe;2226
Grandpré;92
Grandvilliers;433
Granville;2114
Grasse;4874
Gratentour;689
Graulhet;93
Gravelines;750
Gravigny;693
Gray;1438
Grenade;742
Grenade-sur-l'Adour;386
Grenay;480
Grenoble;14513
Gretz-Armainvilliers;617
Grez-en-Bouère;258
Grigny;1762
Grigny-sur-Rhône;603
Grisolles;547
Groisy;801
Groix;27
Gros-Morne;321
Grosbliederstroff;424
Grosseto-Prugna;400
Gruchet-Saint-Siméon;368
Gruchet-le-Valasse;385
Gréasque;955
Grésy-sur-Aix;598
Guebwiller;2296
Guer;1026
Guerlesquin;229
Guerlédan;339
Gueugnon;542
Gueux;606
Guichen;670
Guidel;655
Guignen;405
Guigneville-sur-Essonne;495
Guilers;570
Guilherand-Granges;644
Guillestre;308
Guilvinec;352
Guingamp;2905
Guipavas;976
Guipry-Messac;452
Guiscard;288
Guise;524
Gujan-Mestras;1671
Guyancourt;2354
Guémené-Penfao;415
Guémené-sur-Scorff;501
Guénange;667
Guérande;2752
Guéret;2143
Guérigny;262
Guînes;505
Guîtres;447
Gy;419
Gémenos;1166
Gémozac;464
Génelard;283
Génolhac;80
Gérardmer;941
Habsheim;291
Hagetmau;439
Hagondange;567
Haguenau;4712
Halluin;967
Ham;836
Ham-sous-Varsberg;393
Hanches;451
Hao;192
Harfleur;532
Harly;350
Harnes;633
Hartzviller;267
Hasparren;1100
Haubourdin;2266
Hautmont;1021
Hauts de Bienne;856
Hayange;1127
Hazebrouck;3811
Heillecourt;552
Hem;1079
Hendaye;910
Hennebont;3155
Henrichemont;357
Herbignac;918
Herblay-sur-Seine;3149
Herrlisheim;341
Hersin-Coupigny;327
Hesdin-la-Forêt;555
Hettange-Grande;656
Heuchin;207
Heyrieux;552
Hienghene;166
Hillion;734
Hirsingue;519
Hirson;1191
Hitiaa;241
Hiva-oa;263
Hochfelden;724
Hoerdt;400
Hombourg-Haut;243
Homécourt;521
Hondschoote;526
Honfleur;968
Houailou;170
Houdain;602
Houdan;722
Houilles;2120
Houplines;528
Hourtin;402
Huahine;423
Hucqueliers;426
Huelgoat;147
Huningue;666
Huriel;256
Hyères;5563
Hégenheim;747
Hénin-Beaumont;3600
Héricourt;1473
Hérimoncourt;327
Hérouville-Saint-Clair;2185
Ifs;795
Igny;1031
Igon;52
Ile-des-pins;128
Illfurth;392
Illiers-Combray;541
Illkirch-Graffenstaden;2088
Illzach;857
Imphy;245
Ingersheim;549
Ingrandes-le-Fresne-sur-Loire;212
Ingré;1973
Ingwiller;287
Iracoubo;146
Irigny;642
Is-sur-Tille;695
Isbergues;417
Isigny-le-Buat;125
Isigny-sur-Mer;180
Isle;680
Isneauville;575
Issenheim;1109
Issoire;2874
Issou;653
Issoudun;1297
Issy-les-Moulineaux;3655
Istres;3139
Itteville;530
Ivry-sur-Seine;3824
Iwuy;318
Jacou;850
Jaligny-sur-Besbre;133
Janville-en-Beauce;313
Janzé;1245
Jargeau;651
Jarnac;586
Jarny;1712
Jarrie;573
Jarville-la-Malgrange;1965
Jassans-Riottier;554
Jaunay-Marigny;1732
Jeumont;953
Joigny;2021
Joinville;622
Joinville-le-Pont;892
Jonzac;1086
Josselin;493
Jouars-Pontchartrain;595
Jouy-le-Moutier;1646
Joué-lès-Tours;3468
Joyeuse;298
Juilly;490
Juniville;328
Jurançon;891
Jussey;276
Juvisy-sur-Orge;596
Kani-Kéli;765
Kaysersberg Vignoble;211
Kingersheim;567
Kone;960
Koungou;3670
Kourou;3250
Kédange-sur-Canner;652
L'Aigle;1764
L'Arbresle;1167
L'Escarène;381
L'Etang-Salé;1129
L'Haÿ-les-Roses;1272
L'Hôpital;344
L'Ile-Bouchard;211
L'Ile-Rousse;812
L'Ile-Saint-Denis;292
L'Ile-d'Elle;257
L'Ile-d'Yeu;147
L'Isle-Adam;2395
L'Isle-Jourdain;1928
L'Isle-d'Abeau;2580
L'Isle-en-Dodon;132
L'Isle-sur-la-Sorgue;1786
L'Isle-sur-le-Doubs;356
L'Union;830
La Bassée;1692
La Baule-Escoublac;1090
La Boisse;1372
La Bresse;171
La Broque;441
La Brède;1723
La Bâtie-Neuve;370
La Canourgue;216
La Capelle;330
La Cavalerie;83
La Celle-Saint-Cloud;2030
La Chaise-Dieu;78
La Chapelle-Saint-Luc;1156
La Chapelle-Saint-Mesmin;537
La Chapelle-de-Guinchay;538
La Chapelle-en-Serval;367
La Chapelle-en-Vercors;209
La Chapelle-la-Reine;515
La Chapelle-sur-Erdre;1366
La Charité-sur-Loire;424
La Chartre-sur-le-Loir;196
La Châtre;753
La Ciotat;2346
La Clayette;219
La Colle-sur-Loup;738
La Coquille;146
La Courneuve;3016
La Couronne;582
La Crau;197
La Crèche;682
La Côte-Saint-André;2426
La Désirade;42
La Farlède;490
La Ferrière-aux-Etangs;267
La Ferté Macé;839
La Ferté-Alais;539
La Ferté-Bernard;1911
La Ferté-Gaucher;680
La Ferté-Saint-Aubin;607
La Ferté-sous-Jouarre;2772
La Feuillie;265
La Flèche;2418
La Force;512
La Fère;414
La Gacilly;452
La Garde;2188
La Garenne-Colombes;1076
La Grand-Combe;405
La Grand-Croix;745
La Grande-Motte;770
La Guerche-de-Bretagne;791
La Guerche-sur-l'Aubois;269
La Hague;462
La Haye;216
La Haye-Pesnel;293
La Jarrie;623
La Londe-les-Maures;343
La Loupe;436
La Machine;128
La Madeleine;1770
La Monnerie-le-Montel;291
La Montagne;778
La Mothe-Saint-Héray;254
La Motte-Servolex;1036
La Motte-d'Aveillans;170
La Motte-du-Caire;110
La Mulatière;1088
La Mure;1164
La Mézière;591
La Norville;1501
La Pacaudière;261
La Plaine-des-Palmistes;476
La Porte du Der;285
La Possession;3315
La Queue-en-Brie;627
La Queue-les-Yvelines;1036
La Ravoire;2053
La Ricamarie;268
La Richardais;575
La Roche-Bernard;610
La Roche-Chalais;112
La Roche-Posay;291
La Roche-sur-Foron;2278
La Roche-sur-Yon;9212
La Rochefoucauld-en-Angoumois;602
La Rochelle;10556
La Rochette;74
La Réole;1057
La Salvetat-Saint-Gilles;722
La Saussaye;561
La Seyne-sur-Mer;5435
La Souterraine;743
La Suze-sur-Sarthe;494
La Talaudière;864
La Teste-de-Buch;747
La Tour-d'Aigues;709
La Tour-d'Auvergne;113
La Tour-du-Pin;1997
La Tremblade;530
La Trinité;1979
La Trinité-Porhoët;157
La Tronche;142
La Valette-du-Var;559
La Verpillière;646
La Ville-du-Bois;1552
La Voulte-sur-Rhône;583
La Vôge-les-Bains;115
La Wantzenau;570
La foa;517
Labarthe-sur-Lèze;603
Labastide-Saint-Pierre;603
Labenne;611
Labergement-Sainte-Marie;111
Labouheyre;431
Labrit;303
Labruguière;680
Lacanau;537
Lacroix-Saint-Ouen;632
Lafrançaise;526
Lagnieu;790
Lagny-sur-Marne;4418
Lagord;902
Laguiole;70
Laignes;76
Laillé;464
Laissac-Sévérac l'Eglise;171
Lalbenque;177
Lalinde;359
Lallaing;389
Lamarche;146
Lamastre;303
Lamballe-Armor;3105
Lambersart;3676
Lambesc;499
Lambres-lez-Douai;470
Lamentin;775
Lamorlaye;529
Lamotte-Beuvron;445
Lamure-sur-Azergues;333
Landerneau;3089
Landivisiau;1885
Landivy;183
Landos;159
Landrecies;867
Landres;24
Landser;1030
Lanester;1694
Langeac;305
Langeais;756
Langogne;340
Langon;2802
Langres;1559
Languidic;329
Lanmeur;368
Lannemezan;958
Lannilis;763
Lannion;3608
Lanouaille;177
Lanvollon;272
Lançon-Provence;562
Laon;3961
Lapalisse;357
Laragne-Montéglin;293
Larceveau-Arros-Cibits;244
Larche;582
Lardy;481
Largentière;410
Laroquebrou;148
Laruns;103
Lassay-les-Châteaux;221
Lasseube;220
Lassigny;406
Latillé;442
Latresne;977
Lattes;1825
Launaguet;534
Lauterbourg;303
Lauzerte;282
Laval;9346
Lavans-lès-Saint-Claude;238
Lavardac;250
Lavaur;745
Lavelanet;15
Laventie;911
Laxou;577
Le Ban-Saint-Martin;619
Le Barp;266
Le Beausset;696
Le Blanc;804
Le Blanc-Mesnil;5009
Le Bourg-d'Oisans;415
Le Bourget;1624
Le Bouscat;1846
Le Bugue;256
Le Cannet;1237
Le Carbet;291
Le Castellet;356
Le Cateau-Cambrésis;931
Le Chambon-Feugerolles;730
Le Chambon-sur-Lignon;141
Le Chesnay-Rocquencourt;2669
Le Cheylard;682
Le Château-d'Oléron;349
Le Châtelard;258
Le Châtelet-en-Brie;539
Le Collet-de-Dèze;71
Le Conquet;147
Le Controis-en-Sologne;677
Le Coteau;594
Le Creusot;1488
Le Diamant;279
Le Donjon;129
Le Dorat;179
Le Faouët;342
Le Fousseret;402
Le François;1186
Le Gosier;1099
Le Grand-Lemps;659
Le Grand-Lucé;282
Le Grand-Quevilly;2500
Le Grand-Serre;314
Le Grau-du-Roi;511
Le Haillan;854
Le Havre;13236
Le Houlme;528
Le Kremlin-Bicêtre;2223
Le Lamentin;2499
Le Lion-d'Angers;990
Le Loroux-Bottereau;1322
Le Lorrain;420
Le Malesherbois;533
Le Mans;15843
Le Marigot;122
Le Marin;903
Le Martinet;66
Le Mas-d'Agenais;395
Le Mas-d'Azil;302
Le May-sur-Evre;311
Le Mayet-de-Montagne;180
Le Mené;202
Le Mesnil-Esnard;2075
Le Mesnil-Saint-Denis;938
Le Molay-Littry;285
Le Monastier-sur-Gazeille;352
Le Montsaugeonnais;244
Le Morne-Rouge;296
Le Moule;1593
Le Muy;1637
Le Mée-sur-Seine;1968
Le Mérévillois;756
Le Mêle-sur-Sarthe;273
Le Neubourg;1154
Le Nouvion-en-Thiérache;272
Le Palais;196
Le Passage;880
Le Pecq;957
Le Pellerin;569
Le Perreux-sur-Marne;2204
Le Petit-Quevilly;913
Le Pian-Médoc;626
Le Pian-sur-Garonne;559
Le Plessis-Bouchard;471
Le Plessis-Robinson;1616
Le Plessis-Trévise;814
Le Poiré-sur-Vie;680
Le Pont-de-Beauvoisin;1702
Le Pont-de-Claix;450
Le Pontet;719
Le Port;3214
Le Portel;489
Le Pouzin;356
Le Pré-Saint-Gervais;904
Le Puy-Sainte-Réparade;506
Le Puy-en-Velay;3658
Le Péage-de-Roussillon;903
Le Quesnoy;1545
Le Raincy;3608
Le Relecq-Kerhuon;1022
Le Rheu;1281
Le Robert;950
Le Russey;351
Le Soler;609
Le Taillan-Médoc;1619
Le Tampon;7817
Le Teich;442
Le Teil;1240
Le Thillot;381
Le Tholy;162
Le Thor;637
Le Touquet-Paris-Plage;475
Le Touvet;613
Le Trait;320
Le Tréport;426
Le Val d'Hazey;495
Le Vauclin;285
Le Vaudreuil;542
Le Vigan;873
Le Vésinet;2976
Lectoure;790
Leers;523
Leforest;591
Legé;221
Lemberg;285
Lembeye;246
Lempdes;684
Lencloître;521
Lens;5294
Lentilly;794
Les Abrets en Dauphiné;679
Les Abymes;5747
Les Achards;1096
Les Ancizes-Comps;205
Les Andelys;1321
Les Anses-d'Arlet;121
Les Arcs;754
Les Avenières Veyrins-Thuellin;531
Les Avirons;1408
Les Bordes;482
Les Brouzils;376
Les Clayes-sous-Bois;942
Les Echelles;335
Les Essarts-le-Roi;728
Les Fontenelles;73
Les Hauts-d'Anjou;428
Les Herbiers;3303
Les Lilas;1229
Les Martres-de-Veyre;772
Les Monts d'Aunay;423
Les Mureaux;3159
Les Pavillons-sous-Bois;1727
Les Pennes-Mirabeau;1335
Les Pieux;393
Les Ponts-de-Cé;1672
Les Rousses;405
Les Sables-d'Olonne;4314
Les Trois-Bassins;1000
Les Trois-Ilets;312
Les Ulis;2148
Les Vans;275
Les Villages Vovéens;448
Lescar;1805
Lesneven;1997
Lesparre-Médoc;803
Lesquin;1296
Lessay;284
Lestelle-Bétharram;222
Levallois-Perret;3970
Levie;54
Levier;264
Levroux;234
Lexy;653
Leyment;683
Lezay;227
Lezoux;687
Liancourt;605
Libercourt;337
Libourne;5057
Licques;402
Liernais;67
Liesse-Notre-Dame;115
Lieusaint;802
Liffol-le-Grand;163
Liffré;2576
Lifou;278
Lignières;180
Ligny-en-Barrois;483
Ligné;419
Ligueil;355
Lille;19939
Lillebonne;1901
Lillers;1599
Limas;687
Limay;2187
Limeil-Brévannes;2553
Limoges;13831
Limonest;244
Limours;1725
Limoux;1647
Lingolsheim;1238
Linselles;938
Linxe;412
Lisieux;3499
Lisses;479
Livarot-Pays-d'Auge;240
Liverdun;487
Livron-sur-Drôme;595
Livry-Gargan;4658
Lizy-sur-Ourcq;463
Liévin;3027
Loches;2032
Locminé;874
Lodève;1178
Lognes;1851
Loireauxence;699
Londinières;237
Longchamp;71
Longeville-lès-Saint-Avold;338
Longjumeau;1651
Longlaville;453
Longny les Villages;166
Longperrier;759
Longpré-les-Corps-Saints;285
Longueau;423
Longuenesse;2427
Longueville-sur-Scie;414
Longuyon;575
Longué-Jumelles;882
Longvic;606
Longwy;3032
Lons-le-Saunier;3146
Loon-Plage;301
Loos;1389
Loos-en-Gohelle;298
Loretz-d'Argenton;167
Lorgues;1589
Lorient;6356
Loriol-sur-Drôme;402
Lormes;89
Lormont;2958
Lorquin;280
Lorrez-le-Bocage-Préaux;544
Lorris;448
Loudun;1195
Loudéac;1585
Louhans;1491
Loulay;181
Loupian;590
Lourches;463
Lourdes;904
Loures-Barousse;180
Louviers;3549
Louvres;1852
Louvroil;413
Loué;680
Lubersac;275
Lucciana;760
Lucé;938
Ludres;590
Lugny;589
Luisant;1604
Lumbres;1193
Lunel;3866
Lunéville;2601
Lurcy-Lévis;195
Lure;1768
Luri;120
Lusignan;449
Lusigny-sur-Barse;504
Lussac;322
Lussac-les-Châteaux;424
Lutterbach;594
Luxeuil-les-Bains;1327
Luynes;395
Luzarches;1514
Luzech;364
Luzy;124
Luçon;2154
Lyon 1er Arrondissement;4911
Lyon 2e  Arrondissement;4046
Lyon 3e  Arrondissement;5718
Lyon 4e  Arrondissement;3355
Lyon 5e  Arrondissement;12383
Lyon 6e  Arrondissement;4899
Lyon 7e  Arrondissement;6576
Lyon 8e  Arrondissement;6895
Lyon 9e  Arrondissement;3510
Lys-Haut-Layon;628
Lys-lez-Lannoy;705
Lège-Cap-Ferret;565
Lédignan;433
Léguevin;870
Léognan;623
Lésigny;795
Lézignan-Corbières;2236
M'Tsangamouji;1223
Mably;455
Machecoul-Saint-Même;1730
Macouria;1658
Maen Roch;687
Magnanville;1597
Magny-en-Vexin;711
Magny-le-Hongre;648
Magny-les-Hameaux;476
Mahina;654
Maignelay-Montigny;353
Maintenon;559
Mainvilliers;511
Maisons-Alfort;3742
Maisons-Laffitte;1674
Maizières-lès-Metz;880
Makemo;151
Malakoff;1494
Malansac;297
Malestroit;945
Mallemort;569
Malzéville;601
Mamers;799
Mamoudzou;13810
Mana;1530
Mandelieu-la-Napoule;1206
Mandeure;326
Mandres-les-Roses;410
Manduel;481
Manosque;2916
Mansle-les-Fontaines;301
Mantes-la-Jolie;5826
Mantes-la-Ville;1486
Manzat;208
Marange-Silvange;403
Marans;753
Maraussan;57
Marboz;114
Marcheprime;620
Marchiennes;333
Marciac;203
Marcigny;333
Marcillac-Vallon;577
Marcillat-en-Combraille;103
Marck;594
Marckolsheim;523
Marcoussis;456
Marcq-en-Baroeul;4976
Marennes-Hiers-Brouage;472
Mareuil en Périgord;153
Mareuil-le-Port;281
Margencel;621
Margency;1611
Margny-lès-Compiègne;661
Marguerittes;748
Marignane;3665
Marignier;628
Marigny-Le-Lozon;307
Marigny-le-Châtel;333
Marines;712
Maringues;609
Maripasoula;574
Marle;246
Marlenheim;600
Marles-les-Mines;422
Marly;1490
Marly-la-Ville;560
Marly-le-Roi;1830
Marmande;3041
Marmoutier;355
Marnay;511
Marolles-en-Hurepoix;671
Marolles-les-Braults;179
Maromme;645
Marquette-lez-Lille;601
Marquion;591
Marquise;1261
Marsannay-la-Côte;384
Marsas;684
Marseillan;405
Marseille  1er Arrondissement;2748
Marseille  2e  Arrondissement;1321
Marseille  3e  Arrondissement;2353
Marseille  4e  Arrondissement;2821
Marseille  5e  Arrondissement;1986
Marseille  6e  Arrondissement;5745
Marseille  7e  Arrondissement;949
Marseille  8e  Arrondissement;7609
Marseille  9e  Arrondissement;3840
Marseille 10e  Arrondissement;3574
Marseille 11e  Arrondissement;3145
Marseille 12e  Arrondissement;4906
Marseille 13e  Arrondissement;7531
Marseille 14e  Arrondissement;2943
Marseille 15e  Arrondissement;4211
Marseille 16e  Arrondissement;634
Marseille-en-Beauvaisis;559
Marsillargues;302
Martel;170
Martignas-sur-Jalle;436
Martigny-les-Bains;72
Martigné-Ferchaud;298
Martigues;3035
Marvejols;747
Maré;426
Masevaux-Niederbruck;455
Masnières;400
Masny;455
Massac-Séran;203
Masseube;450
Massiac;122
Massy;3916
Matha;330
Matignon;218
Matour;279
Matoury;3318
Matzenheim;381
Maubeuge;4213
Maubourguet;218
Mauges-sur-Loire;1480
Mauguio;973
Maule;822
Mauléon;416
Mauléon-Licharre;440
Maupiti;38
Maurepas;2594
Mauriac;502
Mauron;321
Maurs;179
Mauvezin;342
Mauzé-sur-le-Mignon;359
Mayenne;1445
Mayet;239
Mazamet;1427
Mazingarbe;479
Mazières-en-Gâtine;242
Mazères;333
Maîche;862
Meaux;9509
Megève;524
Mehun-sur-Yèvre;446
Melesse;578
Melle;964
Melun;5682
Mende;2072
Mennecy;2177
Mens;200
Menton;2028
Menucourt;539
Mer;652
Mercurol-Veaunes;423
Merdrignac;373
Merlines;89
Mers-les-Bains;194
Mertzwiller;265
Merville;946
Merville-Franceville-Plage;401
Meslay-du-Maine;279
Mesnil-Saint-Loup;111
Mesnil-en-Ouche;265
Mesnils-sur-Iton;942
Mesnières-en-Bray;32
Metz;14628
Meudon;4621
Meulan-en-Yvelines;1272
Meung-sur-Loire;685
Meximieux;1024
Meylan;2048
Meymac;246
Meyrueis;146
Meyssac;189
Meyzieu;2240
Migennes;752
Mignaloux-Beauvoir;65
Mignières;294
Milhaud;1027
Millas;663
Millau;2238
Milly-la-Forêt;679
Mimizan;554
Mions;605
Mios;769
Miramas;1461
Mirambeau;246
Miramont-de-Guyenne;419
Mirande;470
Mirebeau;346
Mirebeau-sur-Bèze;450
Mirecourt;970
Mirepoix;919
Miribel;1108
Missillac;353
Mitry-Mory;2864
Miélan;155
Modane;394
Moirans;1279
Moirans-en-Montagne;210
Moissac;1562
Moissy-Cramayel;2333
Molsheim;2452
Moltifao;124
Monbahus;106
Moncontour;352
Moncoutant-sur-Sèvre;614
Mondeville;679
Mondoubleau;322
Monein;368
Monestier-de-Clermont;329
Monflanquin;340
Monistrol-sur-Loire;3070
Monléon-Magnoac;471
Mons-en-Baroeul;1339
Monsempron-Libos;285
Monségur;248
Mont Lozère et Goulet;86
Mont-Saint-Aignan;492
Mont-Saint-Martin;262
Mont-de-Marsan;4007
Mont-dore;1868
Mont-sous-Vaudrey;196
Montagnac;309
Montaigu-Vendée;3375
Montalieu-Vercieu;515
Montargis;2267
Montastruc-la-Conseillère;693
Montataire;1478
Montauban;6923
Montauban-de-Bretagne;1412
Montauroux;686
Montbard;272
Montbazon;678
Montbrison;3244
Montbron;198
Montbéliard;4036
Montceau-les-Mines;2122
Montceaux;687
Montcenis;262
Montchanin;430
Montcornet;182
Montcuq-en-Quercy-Blanc;128
Montdidier;1623
Montebourg;316
Montech;1431
Monteils;554
Montemboeuf;145
Montendre;442
Montereau-Fault-Yonne;2881
Montesquieu-Volvestre;334
Montesson;1224
Monteux;711
Montfermeil;1425
Montferrier-sur-Lez;516
Montfort-en-Chalosse;476
Montfort-l'Amaury;1528
Montfort-sur-Meu;2410
Montfort-sur-Risle;449
Montgeron;4582
Montguyon;231
Monthermé;214
Montholon;447
Monthureux-sur-Saône;215
Montignac-Lascaux;376
Montigny-en-Gohelle;325
Montigny-le-Bretonneux;5703
Montigny-lès-Cormeilles;1280
Montigny-lès-Metz;1519
Montivilliers;2903
Montlhéry;1135
Montlieu-la-Garde;263
Montlouis-sur-Loire;729
Montluel;699
Montluçon;3693
Montmagny;1068
Montmarault;158
Montmartin-sur-Mer;300
Montmirail;463
Montmoreau;182
Montmorency;2023
Montmorillon;1047
Montmort-Lucy;161
Montmédy;228
Montmélian;859
Montoir-de-Bretagne;380
Montoire-sur-le-Loir;509
Montpellier;23037
Montpezat-sous-Bauzon;238
Montpon-Ménestérol;561
Montrabé;461
Montreuil;8209
Montreuil-Juigné;747
Montreuil-sur-Mer;2077
Montreux-Château;373
Montrevault-sur-Evre;316
Montrevel-en-Bresse;743
Montrichard Val de Cher;470
Montrond-les-Bains;163
Montrouge;2946
Montréal-la-Cluse;626
Montréjeau;318
Montrésor;195
Monts;674
Montsalvy;137
Montsauche-les-Settons;92
Montsoult;554
Montsûrs;334
Montval-sur-Loir;1085
Montville;425
Montélimar;5232
Montévrain;657
Moorea;1074
Morangis;1396
Morcenx-la-Nouvelle;308
Mordelles;1301
Morestel;1350
Moret-Loing-et-Orvanne;672
Moreuil;471
Morhange;408
Morières-lès-Avignon;796
Morlaix;2509
Morlaàs;722
Mormant;797
Mornant;1171
Morne-à-l'Eau;1764
Morsang-sur-Orge;1315
Mortagne-au-Perche;1051
Mortagne-du-Nord;303
Mortagne-sur-Sèvre;513
Mortain-Bocage;747
Morteau;2023
Mortefontaine;1467
Morvillars;378
Morée;326
Mougins;795
Moulins;3074
Moulins-Engilbert;170
Moulins-la-Marche;191
Moulins-lès-Metz;624
Mourenx;760
Mourmelon-le-Grand;502
Mouroux;445
Moussey;151
Moussy-le-Neuf;129
Mouthe;519
Moutiers-les-Mauxfaits;1148
Mouvaux;332
Mouy;617
Moyeuvre-Grande;320
Moëlan-sur-Mer;378
Moûtiers;1573
Moÿ-de-l'Aisne;363
Mtsamboro;1615
Mugron;239
Mulhouse;11695
Mulsanne;313
Mundolsheim;557
Munster;869
Mur-de-Barrez;117
Murat;121
Murat-le-Quaire;147
Muret;3633
Murviel-lès-Béziers;566
Mussidan;380
Mutzig;639
Muzillac;822
Mâcon;6137
Mélisey;324
Ménigoute;167
Méricourt;587
Mériel;584
Mérignac;4253
Méru;2442
Méry-sur-Oise;609
Méry-sur-Seine;463
Mézidon Vallée d'Auge;454
Mézin;164
Nancy;11217
Nandy;444
Nangis;1301
Nanterre;5192
Nantes;24429
Nanteuil-le-Haudouin;794
Nanteuil-lès-Meaux;762
Nantiat;417
Nantua;866
Narbonne;6654
Naucelle;163
Navarrenx;211
Nay;1970
Nemours;1629
Nesle;236
Neufchâteau;1015
Neufchâtel-en-Bray;1270
Neuilly-Plaisance;775
Neuilly-Saint-Front;399
Neuilly-en-Thelle;913
Neuilly-sur-Marne;2341
Neuilly-sur-Seine;7159
Neuillé-Pont-Pierre;591
Neung-sur-Beuvron;260
Neussargues-Moissac;50
Neuves-Maisons;1025
Neuvic;463
Neuville-aux-Bois;626
Neuville-de-Poitou;630
Neuville-en-Ferrain;849
Neuville-sur-Saône;3583
Neuvy-Saint-Sépulchre;235
Neuvy-le-Roi;354
Nevers;4402
Nexon;301
Nice;22005
Niederbronn-les-Bains;341
Nieppe;721
Niort;8374
Nivolas-Vermelle;1251
Noailles;748
Noeux-les-Mines;1222
Nogaro;632
Nogent;319
Nogent-le-Roi;692
Nogent-le-Rotrou;1755
Nogent-sur-Marne;5102
Nogent-sur-Oise;3031
Nogent-sur-Seine;611
Noidans-lès-Vesoul;473
Noirmoutier-en-l'Ile;93
Noirétable;144
Noisiel;1114
Noisy-le-Grand;7643
Noisy-le-Roi;635
Noisy-le-Sec;3309
Nolay;169
Nomeny;336
Nonancourt;655
Nontron;582
Norrent-Fontes;421
Nort-sur-Erdre;2305
Noues de Sienne;225
Nouméa;6204
Nouvion;285
Nouvion-sur-Meuse;380
Nouzonville;294
Nouâtre;122
Novalaise;335
Noyal-sur-Vilaine;581
Noyant-Villages;182
Noyelles-sous-Lens;379
Noyen-sur-Sarthe;420
Noyers;156
Noyon;2628
Nozay;1043
Nozeroy;187
Noé;784
Nueil-les-Aubiers;285
Nuits-Saint-Georges;654
Nuku-hiva;291
Nyons;1078
Nérac;915
Néris-les-Bains;240
Nérondes;316
Nîmes;14909
Obernai;1625
Objat;581
Offranville;496
Oignies;454
Oisemont;244
Oissel;552
Oissery;602
Olivet;1860
Ollainville;593
Olliergues;84
Ollioules;1721
Olonzac;273
Oloron-Sainte-Marie;1712
Ombrée d'Anjou;245
Onet-le-Château;452
Onnaing;471
Oraison;404
Orange;3969
Orbec;438
Orbey;347
Orchamps-Vennes;282
Orchies;1786
Orcines;60
Orgelet;209
Orgerus;625
Orgon;636
Orgères;517
Orly;1282
Orléans;15801
Ormesson-sur-Marne;502
Ornans;735
Orsay;2828
Orthez;1921
Orvault;777
Osny;1599
Ostricourt;291
Ostwald;601
Othis;656
Ottange;25
Ottmarsheim;373
Ouangani;1927
Oucques La Nouvelle;227
Ouegoa;127
Ouistreham;531
Oullins-Pierre-Bénite;5457
Outreau;596
Ouvéa;165
Oye-Plage;458
Oyonnax;2387
Ozoir-la-Ferrière;2471
Pacy-sur-Eure;539
Pacé;1808
Paea;640
Pagny-sur-Moselle;352
Paimboeuf;369
Paimpol;1115
Paita;1946
Palaiseau;4093
Palluau;392
Pamandzi;2749
Pamiers;2591
Panissières;312
Pantin;4433
Papaichton;225
Papara;1413
Papeete;5691
Paray-Vieille-Poste;505
Paray-le-Monial;1237
Parempuyre;563
Parentis-en-Born;1711
Parigné-l'Evêque;474
Paris  1er Arrondissement;291
Paris  2e  Arrondissement;295
Paris  3e  Arrondissement;2676
Paris  4e  Arrondissement;5513
Paris  5e  Arrondissement;6165
Paris  6e  Arrondissement;9545
Paris  7e  Arrondissement;6445
Paris  8e  Arrondissement;5319
Paris  9e  Arrondissement;5183
Paris 10e  Arrondissement;5300
Paris 11e  Arrondissement;6085
Paris 12e  Arrondissement;9644
Paris 13e  Arrondissement;11890
Paris 14e  Arrondissement;5200
Paris 15e  Arrondissement;10243
Paris 16e  Arrondissement;16033
Paris 17e  Arrondissement;9818
Paris 18e  Arrondissement;6607
Paris 19e  Arrondissement;9299
Paris 20e  Arrondissement;9747
Parmain;607
Paron;593
Parsac;157
Parthenay;1741
Pas-en-Artois;384
Passy;1777
Patay;470
Pau;9238
Pauillac;2242
Paulhaguet;87
Paulhan;611
Pavilly;520
Pays de Belvès;355
Pays-de-Clerval;150
Pechbonnieu;821
Pecquencourt;728
Pellegrue;174
Peltre;264
Penne-d'Agenais;479
Penta-di-Casinca;502
Percy-en-Normandie;184
Pernes;345
Pernes-les-Fontaines;585
Perpignan;13330
Perros-Guirec;551
Persan;810
Perthes;559
Pertuis;1885
Pesmes;342
Pessac;4601
Petit-Bourg;2002
Petit-Canal;329
Petit-Couronne;504
Petite-Forêt;531
Petite-Ile;685
Petite-Rosselle;259
Peujard;571
Peymeinade;681
Peyrehorade;765
Peyrolles-en-Provence;563
Pfastatt;421
Pfulgriesheim;528
Phalsbourg;1367
Pia;770
Pibrac;1644
Piennes;304
Pierre-Buffière;388
Pierre-de-Bresse;250
Pierrefitte-Nestalas;100
Pierrefontaine-les-Varans;234
Pierrefort;51
Pierrelatte;2079
Pierrelaye;469
Piney;300
Pins-Justaret;2201
Pionsat;69
Pipriac;376
Pirae;1475
Pirey;409
Piscop;199
Pithiviers;1995
Piégut-Pluviers;166
Plabennec;958
Plaisance;131
Plaisance-du-Touch;838
Plaisir;2119
Plan-de-Cuques;610
Plancoët;530
Plateau d'Hauteville;342
Pleaux;70
Pleine-Fougères;428
Plescop;505
Plestin-les-Grèves;272
Pleumeur-Bodou;276
Pleyben;371
Ploemeur;953
Ploeuc-L'Hermitage;514
Plombières-les-Bains;225
Plouaret;235
Plouasne;229
Plouay;673
Ploubazlanec;22
Ploudalmézeau;665
Plouescat;422
Ploufragan;645
Plougasnou;120
Plougastel-Daoulas;879
Plouguenast-Langast;156
Plouha;357
Plouhinec;244
Plounéour-Ménez;285
Plouzané;1143
Plouër-sur-Rance;851
Plozévet;246
Ploërmel;2790
Pluneret;456
Pluvigner;665
Plélan-le-Grand;278
Plémet;287
Pléneuf-Val-André;550
Plénée-Jugon;443
Plérin;1022
Plésidy;202
Podensac;672
Poilly-lez-Gien;399
Poindimie;707
Pointe-Noire;439
Pointe-à-Pitre;2657
Poissy;5125
Poisy;547
Poitiers;11807
Poix-de-Picardie;383
Poix-du-Nord;284
Poligny;935
Pompey;19
Poncin;430
Ponerihouen;48
Pons;1064
Pont-Audemer;2517
Pont-Aven;325
Pont-Croix;184
Pont-Evêque;486
Pont-Saint-Esprit;835
Pont-Saint-Vincent;24
Pont-Sainte-Marie;648
Pont-Sainte-Maxence;1468
Pont-d'Ain;583
Pont-de-Buis-lès-Quimerch;287
Pont-de-Chéruy;1949
Pont-de-Roide-Vermondans;455
Pont-de-Salars;358
Pont-de-Vaux;399
Pont-de-Veyle;492
Pont-de-l'Arche;721
Pont-du-Château;906
Pont-en-Royans;280
Pont-l'Abbé;2137
Pont-l'Abbé-d'Arnoult;979
Pont-l'Evêque;509
Pont-sur-Yonne;562
Pont-à-Marcq;483
Pont-à-Mousson;2120
Pontacq;561
Pontailler-sur-Saône;356
Pontarlier;3245
Pontault-Combault;3163
Pontaumur;158
Pontcharra;1694
Pontchâteau;1657
Pontfaverger-Moronvilliers;346
Pontgibaud;322
Pontivy;3554
Pontlevoy;311
Pontoise;6042
Pontorson;193
Pontrieux;259
Pontvallain;309
Porcheville;38
Pornic;2381
Pornichet;456
Port-Bail-sur-Mer;207
Port-Jérôme-sur-Seine;636
Port-Louis;1003
Port-Saint-Louis-du-Rhône;698
Port-Sainte-Marie;278
Port-de-Bouc;912
Port-la-Nouvelle;360
Portes-lès-Valence;661
Portet-sur-Garonne;711
Porto-Vecchio;1866
Potigny;379
Pouebo;124
Pouembout;381
Pouilley-les-Vignes;621
Pouillon;492
Pouilly-en-Auxois;244
Pouilly-sur-Loire;165
Pouldreuzic;238
Poum;85
Poussan;814
Pouzauges;1568
Poya;150
Prades;1351
Prahecq;523
Prayssac;176
Preuilly-sur-Claise;258
Privas;2086
Priziac;24
Propriano;263
Provenchères-et-Colroy;208
Provin;479
Provins;3209
Pruillé-le-Chétif;595
Prunelli-di-Fiumorbo;1177
Prémery;126
Prévessin-Moëns;810
Puget-Théniers;246
Puget-sur-Argens;610
Puiseaux;394
Pulnoy;528
Pulversheim;18
Punaauia;1110
Putanges-le-Lac;188
Puteaux;2533
Puttelange-aux-Lacs;369
Puy-Guillaume;302
Puy-l'Evêque;197
Puymoyen;61
Pégomas;564
Pélissanne;606
Pélussin;687
Pérenchies;691
Périers;240
Périgueux;6987
Pérols;516
Péron;796
Péronnas;620
Péronne;1685
Pézenas;1833
Quarante;311
Questembert;1343
Quetigny;682
Quiberon;208
Quillan;197
Quimper;8721
Quimperlé;2604
Quincy-sous-Sénart;24
Quingey;393
Quint-Fonsegrives;623
Quintin;1490
Quiévrechain;461
Quéven;697
Rabastens;181
Raismes;444
Rambervillers;656
Rambouillet;4924
Ramonville-Saint-Agne;610
Rangiroa;367
Raon-l'Etape;441
Raucourt-et-Flaba;258
Rauzan;360
Rebais;486
Recey-sur-Ource;115
Redon;3609
Reichshoffen;428
Reignier-Esery;955
Reims;18072
Remire-Montjoly;3901
Remiremont;2291
Remoulins;586
Renaison;514
Renazé;191
Rennes;22707
Ressons-sur-Matz;493
Rethel;1131
Retiers;445
Retournac;291
Revel;1103
Revigny-sur-Ornain;254
Revin;566
Reyrieux;689
Rezé;4755
Rhinau;252
Riaillé;396
Riantec;579
Ribeauvillé;1270
Ribemont;344
Ribécourt-Dreslincourt;455
Ribérac;865
Richelieu;311
Riedisheim;1106
Rieux-Minervois;435
Riez;297
Rignac;520
Rillieux-la-Pape;2866
Rilly-la-Montagne;313
Rimogne;315
Riom;4356
Riom-ès-Montagnes;171
Rion-des-Landes;261
Riorges;546
Rioz;751
Ris-Orangis;2069
Riscle;210
Rive-de-Gier;2662
Rivery;701
Rives;776
Rives-en-Seine;575
Rivesaltes;776
Rivière-Pilote;486
Rivière-Salée;912
Rixheim;687
Roanne;5377
Rocbaron;586
Roche-la-Molière;625
Rochechouart;322
Rochefort;3394
Rochefort-Montagne;235
Rochefort-du-Gard;613
Rocheservière;541
Rocroi;196
Rodez;4328
Rognac;711
Rognes;573
Rognonas;356
Rohan;513
Rohrbach-lès-Bitche;505
Roisel;257
Roissy-en-Brie;2706
Romagnat;41
Romainville;1452
Romans-sur-Isère;4741
Rombas;1386
Romilly-sur-Andelle;553
Romilly-sur-Seine;2580
Romillé;519
Romorantin-Lanthenay;2648
Ronchin;852
Roncq;279
Roost-Warendin;575
Roquebillière;271
Roquebrune-Cap-Martin;1062
Roquebrune-sur-Argens;839
Roquefort;255
Roquefort-les-Pins;719
Roquevaire;781
Rosheim;649
Rosières-en-Santerre;345
Rosny-sous-Bois;2805
Rosny-sur-Seine;559
Rosporden;715
Rostrenen;617
Roubaix;10055
Rouen;12778
Rouffach;790
Rougemont;281
Rougemont-le-Château;273
Rouillac;388
Roujan;506
Roulans;411
Roura;144
Roussillon;1233
Routot;370
Rouvroy;548
Royan;2768
Roye;852
Rozay-en-Brie;1397
Rozoy-sur-Serre;150
Rue;448
Rueil-Malmaison;9343
Ruelle-sur-Touvre;601
Ruffec;476
Rugles;241
Rumilly;3612
Rungis;330
Ruoms;235
Rupt-sur-Moselle;170
Rurutu;201
Régny;375
Réhon;389
Rémalard en Perche;238
Rémilly;514
Réquista;67
Sablé-sur-Sarthe;2583
Sada;2569
Sain-Bel;846
Sains-Richaumont;165
Sains-du-Nord;220
Sains-en-Gohelle;331
Saint Aulaye-Puymangou;190
Saint Geniez d'Olt et d'Aubrac;138
Saint pierre;411
Saint-Affrique;1148
Saint-Agnant;565
Saint-Agrève;91
Saint-Aignan;473
Saint-Aigulin;190
Saint-Alban-Leysse;559
Saint-Amand-Longpré;257
Saint-Amand-Montrond;1348
Saint-Amand-en-Puisaye;109
Saint-Amand-les-Eaux;3352
Saint-Amans-des-Cots;148
Saint-Amant-de-Boixe;399
Saint-Amarin;370
Saint-Ambroix;367
Saint-Amour;228
Saint-Andiol;602
Saint-André;6894
Saint-André-de-Corcy;594
Saint-André-de-Cubzac;2586
Saint-André-de-l'Eure;604
Saint-André-les-Alpes;178
Saint-André-les-Vergers;576
Saint-André-lez-Lille;763
Saint-Anthème;69
Saint-Antoine-de-Breuilh;158
Saint-Antonin-Noble-Val;300
Saint-Arnoult-en-Yvelines;699
Saint-Astier;543
Saint-Aubin;208
Saint-Aubin-d'Aubigné;1155
Saint-Aubin-de-Médoc;747
Saint-Aubin-du-Cormier;802
Saint-Aubin-en-Bray;617
Saint-Aubin-le-Cloud;61
Saint-Aubin-lès-Elbeuf;403
Saint-Avertin;601
Saint-Avold;3160
Saint-Avé;453
Saint-Ay;495
Saint-Barthélemy;381
Saint-Barthélemy-d'Anjou;765
Saint-Benin-d'Azy;157
Saint-Benoît;5374
Saint-Benoît-du-Sault;145
Saint-Benoît-sur-Loire;223
Saint-Bonnet-le-Château;688
Saint-Brevin-les-Pins;959
Saint-Brice-sous-Forêt;597
Saint-Brieuc;7665
Saint-Béat-Lez;103
Saint-Calais;254
Saint-Cernin;175
Saint-Chamas;462
Saint-Chamond;3975
Saint-Chef;623
Saint-Chinian;351
Saint-Christol-lez-Alès;740
Saint-Chély-d'Apcher;944
Saint-Chéron;717
Saint-Ciers-sur-Gironde;578
Saint-Cirgues-en-Montagne;81
Saint-Clair-sur-l'Elle;241
Saint-Claude;1649
Saint-Cloud;2910
Saint-Clément-de-Rivière;1373
Saint-Cyprien;1189
Saint-Cyr-l'Ecole;1421
Saint-Cyr-sur-Loire;641
Saint-Céré;395
Saint-Denis;26173
Saint-Denis-en-Val;518
Saint-Denis-lès-Bourg;630
Saint-Didier-au-Mont-d'Or;620
Saint-Didier-de-Formans;813
Saint-Didier-en-Velay;917
Saint-Didier-sur-Chalaronne;721
Saint-Dier-d'Auvergne;170
Saint-Dizier;2631
Saint-Dié-des-Vosges;3109
Saint-Donat-sur-l'Herbasse;745
Saint-Doulchard;632
Saint-Egrève;701
Saint-Eloy-les-Mines;390
Saint-Erblon;469
Saint-Esprit;381
Saint-Estève;899
Saint-Etienne;14589
Saint-Etienne-au-Mont;527
Saint-Etienne-de-Baïgorry;144
Saint-Etienne-de-Cuines;308
Saint-Etienne-de-Saint-Geoirs;520
Saint-Etienne-du-Rouvray;1725
Saint-Fargeau;364
Saint-Fargeau-Ponthierry;935
Saint-Florent;222
Saint-Florent-sur-Cher;645
Saint-Florentin;497
Saint-Flour;1284
Saint-Fons;895
Saint-François;581
Saint-Galmier;1217
Saint-Gaudens;1745
Saint-Gaultier;186
Saint-Genest-Lerpt;91
Saint-Genest-Malifaux;406
Saint-Gengoux-le-National;216
Saint-Genis-Laval;2166
Saint-Genis-Pouilly;702
Saint-Genis-de-Saintonge;309
Saint-Genix-les-Villages;566
Saint-Geniès-de-Malgoirès;624
Saint-Georges;785
Saint-Georges-d'Espéranche;441
Saint-Georges-de-Reintembault;304
Saint-Georges-de-Reneins;735
Saint-Georges-sur-Baulche;674
Saint-Georges-sur-Loire;605
Saint-Geours-de-Maremne;531
Saint-Germain-Laval;232
Saint-Germain-Lembron;385
Saint-Germain-des-Fossés;330
Saint-Germain-du-Bois;307
Saint-Germain-du-Plain;567
Saint-Germain-du-Puy;448
Saint-Germain-en-Laye;10930
Saint-Germain-l'Herm;139
Saint-Germain-les-Belles;229
Saint-Germain-lès-Arpajon;564
Saint-Germain-lès-Corbeil;857
Saint-Germain-sur-Morin;564
Saint-Gervais-d'Auvergne;129
Saint-Gervais-les-Bains;108
Saint-Gervais-les-Trois-Clochers;278
Saint-Gildas-des-Bois;1056
Saint-Gilles;773
Saint-Gilles-Croix-de-Vie;424
Saint-Girons;1196
Saint-Gobain;290
Saint-Gratien;1101
Saint-Grégoire;1554
Saint-Herblain;2511
Saint-Hilaire-de-Villefranche;281
Saint-Hilaire-des-Loges;236
Saint-Hilaire-du-Harcouët;582
Saint-Hippolyte-du-Fort;310
Saint-Héand;795
Saint-Ismier;718
Saint-Jacques-de-la-Lande;445
Saint-James;356
Saint-Jean;729
Saint-Jean-Brévelay;607
Saint-Jean-Pied-de-Port;615
Saint-Jean-Saint-Nicolas;47
Saint-Jean-d'Angély;1338
Saint-Jean-d'Aulps;417
Saint-Jean-d'Hermine;578
Saint-Jean-d'Illac;511
Saint-Jean-de-Bournay;663
Saint-Jean-de-Braye;2900
Saint-Jean-de-Daye;230
Saint-Jean-de-Luz;3308
Saint-Jean-de-Maurienne;1316
Saint-Jean-de-Moirans;328
Saint-Jean-de-Monts;814
Saint-Jean-de-Sauves;215
Saint-Jean-de-Soudain;611
Saint-Jean-de-Védas;791
Saint-Jean-de-la-Ruelle;966
Saint-Jean-du-Gard;177
Saint-Jean-en-Royans;287
Saint-Jean-le-Blanc;468
Saint-Jeannet;847
Saint-Jeoire;724
Saint-Joachim;272
Saint-Jorioz;536
Saint-Jory;1215
Saint-Joseph;4497
Saint-Jouan-des-Guérets;248
Saint-Julien-Chapteuil;573
Saint-Julien-en-Genevois;2948
Saint-Julien-les-Villas;310
Saint-Junien;1510
Saint-Just-Saint-Rambert;1210
Saint-Just-en-Chaussée;730
Saint-Just-en-Chevalet;263
Saint-Juéry;693
Saint-Laurent-Nouan;448
Saint-Laurent-de-Chamousset;330
Saint-Laurent-de-Mure;764
Saint-Laurent-de-la-Salanque;897
Saint-Laurent-du-Maroni;6609
Saint-Laurent-du-Pont;332
Saint-Laurent-du-Var;1335
Saint-Laurent-en-Grandvaux;284
Saint-Laurent-sur-Sèvre;1306
Saint-Leu;2950
Saint-Leu-d'Esserent;647
Saint-Leu-la-Forêt;1332
Saint-Loubès;970
Saint-Louis;8008
Saint-Loup-sur-Semouse;341
Saint-Lys;629
Saint-Léonard-de-Noblat;726
Saint-Lô;2835
Saint-Maixent-l'Ecole;1345
Saint-Malo;4921
Saint-Mamet-la-Salvetat;239
Saint-Mandrier-sur-Mer;212
Saint-Mandé;1632
Saint-Marcel;1078
Saint-Marcellin;1313
Saint-Mard;624
Saint-Martin;2764
Saint-Martin-Boulogne;1913
Saint-Martin-d'Hères;2390
Saint-Martin-de-Crau;1381
Saint-Martin-de-May;651
Saint-Martin-de-Ré;559
Saint-Martin-de-Seignanx;518
Saint-Martin-des-Champs;212
Saint-Martin-du-Var;529
Saint-Martin-en-Bresse;326
Saint-Martin-en-Haut;786
Saint-Martin-le-Vinoux;529
Saint-Mathieu;172
Saint-Mathieu-de-Tréviers;557
Saint-Maur-des-Fossés;8878
Saint-Maurice;345
Saint-Maurice-Saint-Germain;249
Saint-Maurice-l'Exil;641
Saint-Maximin;15
Saint-Maximin-la-Sainte-Baume;2814
Saint-Memmie;704
Saint-Michel;686
Saint-Michel-de-Maurienne;225
Saint-Michel-en-l'Herm;293
Saint-Michel-sur-Orge;2254
Saint-Mihiel;455
Saint-Mitre-les-Remparts;345
Saint-Médard-de-Guizières;366
Saint-Médard-en-Jalles;1508
Saint-Méen-le-Grand;592
Saint-Nazaire;6939
Saint-Nazaire-d'Aude;732
Saint-Nicolas;750
Saint-Nicolas-d'Aliermont;713
Saint-Nicolas-de-Port;446
Saint-Nicolas-du-Pélem;89
Saint-Omer;3002
Saint-Orens-de-Gameville;2156
Saint-Ouen-l'Aumône;2607
Saint-Ouen-sur-Seine;2622
Saint-Palais;502
Saint-Paul;9774
Saint-Paul-Trois-Châteaux;634
Saint-Paul-de-Fenouillet;158
Saint-Paul-en-Chablais;509
Saint-Paul-lès-Dax;1550
Saint-Paul-sur-Isère;152
Saint-Philbert-de-Grand-Lieu;1650
Saint-Philippe;313
Saint-Pierre;8967
Saint-Pierre-Eglise;475
Saint-Pierre-d'Albigny;502
Saint-Pierre-d'Irube;773
Saint-Pierre-d'Oléron;392
Saint-Pierre-de-Chandieu;580
Saint-Pierre-de-Lages;599
Saint-Pierre-des-Corps;972
Saint-Pierre-du-Mont;954
Saint-Pierre-du-Perray;624
Saint-Pierre-en-Auge;709
Saint-Pierre-en-Faucigny;664
Saint-Pierre-la-Cour;349
Saint-Pierre-le-Moûtier;300
Saint-Pierre-lès-Elbeuf;535
Saint-Pierre-lès-Nemours;969
Saint-Pol-de-Léon;1811
Saint-Pol-sur-Ternoise;1591
Saint-Pons-de-Thomières;22
Saint-Porchaire;504
Saint-Pourçain-sur-Sioule;943
Saint-Prest;691
Saint-Priest;4236
Saint-Priest-en-Jarez;791
Saint-Prix;496
Saint-Père-en-Retz;502
Saint-Pée-sur-Nivelle;369
Saint-Péray;565
Saint-Quay-Portrieux;555
Saint-Quentin;6103
Saint-Quentin-Fallavier;471
Saint-Rambert-d'Albon;781
Saint-Rambert-en-Bugey;288
Saint-Raphaël;3418
Saint-Renan;1371
Saint-Romain-de-Colbosc;952
Saint-Romain-le-Puy;777
Saint-Rémy;631
Saint-Rémy-de-Provence;688
Saint-Saturnin;213
Saint-Saulge;85
Saint-Saulve;1220
Saint-Sauveur-Villages;278
Saint-Sauveur-de-Montagut;192
Saint-Sauveur-le-Vicomte;405
Saint-Sauveur-sur-Tinée;162
Saint-Savin;171
Saint-Savinien;379
Saint-Saëns;401
Saint-Selve;557
Saint-Sever;615
Saint-Siméon-de-Bressieux;385
Saint-Sorlin-en-Valloire;465
Saint-Soupplets;395
Saint-Sulpice-Laurière;164
Saint-Sulpice-la-Pointe;965
Saint-Sulpice-les-Feuilles;159
Saint-Symphorien;394
Saint-Symphorien-d'Ozon;734
Saint-Symphorien-sur-Coise;1024
Saint-Sébastien-sur-Loire;1542
Saint-Thibault-des-Vignes;572
Saint-Thierry;480
Saint-Thégonnec Loc-Eguiner;169
Saint-Trivier-de-Courtes;282
Saint-Trojan-les-Bains;94
Saint-Tropez;172
Saint-Vaast-la-Hougue;140
Saint-Valery-en-Caux;1019
Saint-Valery-sur-Somme;344
Saint-Vallier;1648
Saint-Vallier-de-Thiey;439
Saint-Valérien;622
Saint-Varent;251
Saint-Vaury;273
Saint-Venant;421
Saint-Victoret;671
Saint-Vincent-de-Paul;143
Saint-Vincent-de-Tyrosse;1801
Saint-Vit;737
Saint-Witz;631
Saint-Yorre;307
Saint-Yrieix-la-Perche;894
Saint-Yrieix-sur-Charente;20
Saint-Yzan-de-Soudiac;652
Saint-Zacharie;641
Sainte-Adresse;874
Sainte-Anne;2199
Sainte-Anne-d'Auray;1112
Sainte-Cécile;174
Sainte-Cécile-les-Vignes;669
Sainte-Eulalie;480
Sainte-Florine;329
Sainte-Foy-l'Argentière;445
Sainte-Foy-la-Grande;1112
Sainte-Foy-lès-Lyon;387
Sainte-Geneviève;534
Sainte-Geneviève-des-Bois;4005
Sainte-Jamme-sur-Sarthe;463
Sainte-Livrade-sur-Lot;302
Sainte-Luce;1036
Sainte-Marie;4132
Sainte-Marie-aux-Chênes;636
Sainte-Marie-aux-Mines;472
Sainte-Maure-de-Touraine;451
Sainte-Maxime;569
Sainte-Menehould;456
Sainte-Mère-Eglise;241
Sainte-Pazanne;1284
Sainte-Rose;1813
Sainte-Savine;1599
Sainte-Sigolène;192
Sainte-Suzanne;2061
Sainte-Sévère-sur-Indre;126
Saintes;4492
Salaise-sur-Sanne;692
Salazie;468
Salbris;441
Salies-de-Béarn;344
Salies-du-Salat;487
Salindres;647
Salins-les-Bains;748
Sallanches;1221
Sallaumines;393
Salles;963
Salles-Curan;112
Salon-de-Provence;5697
Salviac;141
Samatan;402
Sambin;501
Samer;611
Samoëns;186
Sanary-sur-Mer;470
Sancergues;254
Sancerre;339
Sancey;289
Sancoins;166
Sangatte;547
Sannois;2465
Santa-Maria-Siché;149
Santeny;473
Sanvignes-les-Mines;273
Saran;581
Sarcelles;7387
Sarlat-la-Canéda;1825
Sarralbe;433
Sarre-Union;744
Sarrebourg;2121
Sarreguemines;3352
Sarrola-Carcopino;651
Sartilly-Baie-Bocage;240
Sartrouville;4578
Sartène;381
Sarzeau;581
Sassenage;794
Satillieu;235
Saugues;149
Saujon;602
Saulieu;170
Sault;161
Sault-lès-Rethel;373
Saulx-les-Chartreux;773
Saumur;3699
Sausset-les-Pins;817
Sauveterre-de-Béarn;265
Sauveterre-de-Guyenne;381
Sauzé-entre-Bois;161
Savenay;3164
Saverdun;330
Saverne;2248
Savigny-le-Temple;2784
Savigny-sur-Orge;5156
Savigné-sur-Lathan;324
Saône;682
Scaër;271
Sceaux;3950
Scey-sur-Saône-et-Saint-Albin;409
Schiltigheim;1345
Schirmeck;342
Schoelcher;705
Schoeneck;409
Schweighouse-sur-Moder;441
Scionzier;793
Sebourg;417
Seclin;1301
Secondigny;332
Sedan;2463
Segonzac;333
Segré-en-Anjou Bleu;2566
Seiches-sur-le-Loir;692
Seilh;863
Seilhac;361
Seix;132
Selles-sur-Cher;409
Seloncourt;331
Selongey;245
Seltz;490
Semur-en-Auxois;1146
Senlis;3424
Sennecey-le-Grand;380
Senonches;285
Senones;259
Sens;4818
Seppois-le-Bas;337
Septèmes-les-Vallons;551
Sermaize-les-Bains;396
Serres;153
Serres-Castet;781
Serris;1818
Servian;639
Seurre;323
Sevran;3412
Seyne;108
Seyssel;566
Seysses;584
Seyssinet-Pariset;1472
Seyssins;529
Seyssuel;890
Sierck-les-Bains;575
Sierentz;477
Sigave;99
Sigean;611
Signy-l'Abbaye;336
Signy-le-Petit;272
Sigoulès-et-Flaugeac;301
Sillingy;693
Sillé-le-Guillaume;791
Simiane-Collongue;465
Sin-le-Noble;1718
Sinnamary;231
Sissonne;450
Sisteron;1022
Six-Fours-les-Plages;1408
Sizun;272
Sochaux;734
Soissons;4096
Soisy-sous-Montmorency;993
Soisy-sur-Seine;549
Solesmes;1362
Solliès-Pont;1101
Solre-le-Château;329
Somain;3214
Sombernon;399
Sommières;1466
Sorbiers;11
Sorgues;1820
Sospel;177
Sotteville-lès-Rouen;3219
Soucieu-en-Jarrest;603
Souffelweyersheim;546
Soufflenheim;596
Souillac;465
Soulac-sur-Mer;310
Souleuvre en Bocage;371
Soultz-Haut-Rhin;424
Soultz-sous-Forêts;662
Souppes-sur-Loing;295
Sourdeval;144
Sourdun;444
Soustons;547
Soyaux;927
Stains;3433
Steenvoorde;654
Stenay;662
Stiring-Wendel;515
Strasbourg;27892
Sucy-en-Brie;3521
Suippes;357
Sully-sur-Loire;404
Sundhouse;490
Suresnes;2422
Surgères;1297
Sury-le-Comtal;24
Suze-la-Rousse;242
Sète;4136
Sèvremoine;2076
Sèvres;2500
Sées;658
Sélestat;2860
Séméac;549
Séné;499
Sérignan;2085
Sévérac d'Aveyron;199
Sézanne;907
Tahaa;310
Taiarapu;2289
Talange;495
Talant;323
Talence;3842
Tallard;399
Taninges;452
Taputapuatea;178
Tarare;2383
Tarascon;1849
Tarascon-sur-Ariège;443
Tarbes;6387
Tardets-Sorholus;82
Tarnos;540
Tartas;596
Tassin-la-Demi-Lune;2070
Tavaux;283
Taverny;3326
Teloché;694
Tence;299
Tende;87
Tergnier;767
Terrasson-Lavilledieu;918
Terre-de-Haut;60
Terres-de-Caux;470
Terres-de-Haute-Charente;178
Tessy-Bocage;285
Teva i uta;569
Thann;1694
Thaon-les-Vosges;526
Theix-Noyalo;446
Thenon;313
Thiais;3339
Thiant;581
Thiaucourt-Regniéville;229
Thiberville;329
Thiers;1747
Thierville-sur-Meuse;395
Thio;69
Thionville;8746
Thiviers;352
Thizy-les-Bourgs;587
Thoissey;487
Thonon-les-Bains;5801
Thorigny-sur-Marne;656
Thouars;1857
Thouaré-sur-Loire;649
Thourotte;636
Thuir;1100
Thumeries;568
Thury-Harcourt-le-Hom;800
Thénezay;169
Thérouanne;672
Théza;41
Thônes;1465
Tignieu-Jameyzieu;637
Tigy;430
Tilly-sur-Seulles;396
Tinchebray-Bocage;400
Tinqueux;734
Tinténiac;1434
Tocane-Saint-Apre;260
Tomblaine;1955
Tonnay-Boutonne;276
Tonnay-Charente;571
Tonneins;762
Tonnerre;912
Torcy;1908
Torigny-les-Villes;544
Toucy;786
Toul;3112
Toulon;10377
Toulouges;744
Toulouse;31416
Tourbes;315
Tourcoing;10542
Tournan-en-Brie;1618
Tournay;299
Tournefeuille;2012
Tournon-Saint-Martin;119
Tournon-sur-Rhône;3155
Tournus;804
Tourrette-Levens;756
Tours;17952
Toury;398
Trappes;2261
Traînou;665
Treignac;157
Treillières;549
Tremblay-en-France;2903
Triel-sur-Seine;742
Trignac;548
Trilport;575
Trith-Saint-Léger;234
Troarn;528
Trois-Rivières;344
Tronget;148
Trouville-sur-Mer;1211
Troyes;8462
Truchtersheim;662
Trun;274
Trèbes;391
Tréguier;1138
Trélazé;568
Trélissac;19
Trélon;232
Trévières;187
Trévoux;1902
Tsingoni;1373
Tubuai;226
Tucquegnieux;327
Tulle;2187
Tullins;532
Uckange;405
Ugine;744
Unieux;599
Ussel;1129
Ustaritz;645
Uturoa;797
Uvea;631
Uzerche;321
Uzès;1942
Vagney;327
Vailly-sur-Aisne;253
Vaires-sur-Marne;730
Vaison-la-Romaine;1120
Val d'Anast;579
Val d'Erdre-Auxence;415
Val d'Oingt;813
Val de Briey;2239
Val-Couesnon;330
Val-au-Perche;231
Val-d'Arc;339
Val-de-Meuse;156
Val-de-Moder;381
Val-de-Reuil;1113
Val-de-Scie;686
Valbonne;3699
Valdahon;600
Valdallière;242
Valdeblore;264
Valdoie;459
Valence;9363
Valence-d'Albigeois;226
Valence-en-Poitou;464
Valenciennes;7494
Valentigney;1288
Valenton;1114
Valençay;239
Valgelon-La Rochette;513
Vallauris;816
Vallet;1269
Vallon-Pont-d'Arc;375
Vallon-en-Sully;194
Vallons-de-l'Erdre;284
Valmont;400
Valognes;1585
Valréas;672
Vals-les-Bains;367
Valserhône;1811
Vandoeuvre-lès-Nancy;1668
Vannes;9107
Vanves;2284
Varces-Allières-et-Risset;552
Varennes-Vauzelles;487
Varennes-sur-Allier;376
Varennes-sur-Seine;507
Varzy;138
Vatan;255
Vaubecourt;180
Vaucouleurs;388
Vaucresson;788
Vaugneray;642
Vaujours;1946
Vaulx-en-Velin;3086
Vauréal;2251
Vauvert;970
Vauvillers;152
Vaux-le-Pénil;1534
Vayrac;170
Veauche;776
Vedène;24
Velaux;750
Venarey-les-Laumes;282
Vence;1903
Vendenheim;315
Vendeuvre-sur-Barse;261
Vendin-le-Vieil;584
Vendôme;2593
Verberie;544
Vercel-Villedieu-le-Camp;226
Verdun;2502
Verdun-Ciel;397
Verdun-sur-Garonne;452
Verfeil;478
Vergt;385
Vergèze;775
Vermand;384
Vermelles;465
Vermenton;214
Vern-sur-Seiche;626
Vernet;521
Verneuil d'Avre et d'Iton;1474
Verneuil-l'Etang;501
Verneuil-sur-Seine;2722
Vernon;4018
Vernouillet;1428
Vernoux-en-Vivarais;237
Verny;591
Verrières-en-Anjou;1682
Verrières-le-Buisson;696
Versailles;12152
Verson;673
Vert-Saint-Denis;880
Vertou;1066
Vervins;438
Verzy;404
Vesoul;3179
Vestric-et-Candiac;679
Veuzain-sur-Loire;562
Veynes;279
Vialas;28
Viarmes;613
Vibraye;281
Vic-Fezensac;256
Vic-en-Bigorre;954
Vic-le-Comte;457
Vic-sur-Aisne;392
Vic-sur-Cère;163
Vichy;1169
Vico;139
Vidauban;636
Vielmur-sur-Agout;385
Vienne;6778
Vierzon;2874
Vieux-Condé;712
Vieux-Habitants;308
Vif;668
Vigneux-sur-Seine;1442
Vigny;530
Vigy;413
Villabé;566
Villaines-la-Juhel;313
Villard-Bonnot;1673
Villard-de-Lans;1089
Villars-les-Dombes;546
Ville-d'Avray;507
Ville-la-Grand;2492
Villebois-Lavalette;325
Villebon-sur-Yvette;1414
Villecresnes;620
Villedieu-les-Poêles-Rouffigny;528
Villefagnan;133
Villefontaine;2464
Villefort;85
Villefranche-de-Lauragais;1535
Villefranche-de-Rouergue;1119
Villefranche-sur-Saône;6275
Villejuif;2500
Villelongue-dels-Monts;45
Villemandeur;1908
Villemoirieu;590
Villemoisson-sur-Orge;697
Villemomble;4165
Villemur-sur-Tarn;444
Villenave-d'Ornon;1447
Villeneuve-Loubet;621
Villeneuve-Saint-Georges;2311
Villeneuve-Saint-Germain;393
Villeneuve-Tolosane;656
Villeneuve-d'Ascq;5831
Villeneuve-de-Berg;428
Villeneuve-de-Marsan;367
Villeneuve-l'Archevêque;373
Villeneuve-la-Garenne;1946
Villeneuve-la-Guyard;494
Villeneuve-le-Comte;56
Villeneuve-le-Roi;2271
Villeneuve-lès-Avignon;2439
Villeneuve-lès-Maguelone;561
Villeneuve-sur-Aisne;380
Villeneuve-sur-Bellot;440
Villeneuve-sur-Lot;2671
Villeneuve-sur-Yonne;592
Villeparisis;1616
Villepinte;3941
Villepreux;1506
Villers-Bocage;1108
Villers-Bretonneux;448
Villers-Cotterêts;1431
Villers-Outréaux;210
Villers-Saint-Paul;482
Villers-Semeuse;306
Villers-lès-Nancy;933
Villersexel;367
Villerupt;780
Villetaneuse;979
Villeurbanne;9503
Villiers-Saint-Frédéric;778
Villiers-Saint-Georges;342
Villiers-le-Bel;3138
Villiers-sur-Marne;1161
Villié-Morgon;500
Villé;448
Vimoutiers;200
Vinay;566
Vincennes;4809
Vineuil;840
Vire Normandie;1518
Vireux-Wallerand;192
Viroflay;663
Viry-Châtillon;3163
Vitrolles;4303
Vitry-en-Artois;685
Vitry-le-François;1899
Vitry-sur-Orne;536
Vitry-sur-Seine;6518
Vitré;4457
Vitteaux;110
Vittel;348
Vivonne;548
Vizille;1598
Voh;167
Voiron;4333
Voisenon;846
Voisins-le-Bretonneux;913
Voiteur;224
Volgelsheim;610
Volvic;641
Vonnas;435
Voreppe;501
Vouillé;450
Voujeaucourt;661
Vouneuil-sous-Biard;805
Vouneuil-sur-Vienne;510
Vourles;703
Vouvray;750
Vouziers;792
Vrigne aux Bois;354
Vulaines-sur-Seine;489
Vulbens;581
Vélines;308
Vélizy-Villacoublay;1177
Vénissieux;5439
Vérac;716
Vézelise;410
Walbourg;700
Walincourt-Selvigny;415
Wallers;507
Wasquehal;407
Wasselonne;476
Wassigny;227
Wassy;398
Watten;751
Wattignies;844
Wattrelos;2878
Wavrin;558
Waziers;342
Wimille;398
Wingen-sur-Moder;217
Wingles;1646
Wintzenheim;549
Wissembourg;1685
Witry-lès-Reims;476
Wittelsheim;1137
Wittenheim;1283
Wizernes;443
Woerth;425
Woippy;936
Wormhout;782
Xertigny;368
Yaté;85
Ydes;217
Yenne;342
Yerres;1023
Yerville;587
Yssingeaux;1364
Yutz;795
Yvetot;3157
Yvré-l'Evêque;318
Yzeure;1197
Zillisheim;1295
