Commune;nbr
Abbeville 80100; 3 370
Ablon-sur-Seine 94480;  520
Achères 78260; 2 480
Achicourt 62217;  790
Acigné 35690;  550
Agde 34300; 5 900
Agen 47000; 5 650
Aiffres 79230;  370
Aigues-Mortes 30220; 1 150
Aimargues 30470;  690
Aire-sur-l'Adour 40800;  680
Aire-sur-la-Lys 62120; 1 050
Aix-en-Provence 13090; 14 810
Aixe-sur-Vienne 87700;  460
Aix-les-Bains 73100; 3 450
Aizenay 85190;  740
Ajaccio 20000; 5 130
Albert 80300; 1 180
Albertville 73200; 2 070
Albi 81000; 6 130
Alençon 61000; 3 920
Alès 30100; 6 960
Alfortville 94140; 5 660
Algrange 57440;  630
Allauch 13190; 1 480
Allonnes 72700; 1 490
Altkirch 68130;  590
Ambarès-et-Lagrave 33440; 2 240
Ambazac 87240;  440
Ambérieu-en-Bugey 01500; 1 950
Ambert 63600;  630
Ambilly 74100;  960
Amboise 37400; 1 640
Amiens 80000; 20 250
Amilly 45200; 1 360
Amnéville 57360; 1 090
Amplepuis 69550;  420
Ancenis 44150; 1 110
Andernos-les-Bains 33510; 1 000
Andrésy 78570;  970
Andrézieux-Bouthéon 42160; 1 150
Angers 49000; 21 050
Anglet 64600; 4 590
Angoulême 16000; 8 050
Aniche 59580; 1 690
Annecy 74000; 12 240
Annemasse 74100; 6 080
Annezin 62232;  660
Annoeullin 59112;  890
Annonay 07100; 2 190
Anse 69480;  690
Anse-Bertrand 97121;  840
Antibes 06600; 8 860
Antony 92160; 4 850
Anzin 59410; 2 350
Apatou 97317;  720
Apt 84400; 1 600
Arcachon 33120; 1 090
Arcueil 94110; 2 520
Arès 33740;  560
Argelès-sur-Mer 66700; 1 920
Argentan 61200; 1 790
Argenteuil 95100; 14 580
Argenton-sur-Creuse 36200;  540
Arles 13200; 8 130
Armentières 59280; 3 910
Arnage 72230;  440
Arnouville 95400; 1 580
Arpajon 91290; 1 320
Arpajon-sur-Cère 15130;  370
Arques 62510; 1 160
Arradon 56610;  340
Arras 62000; 6 350
Artigues-près-Bordeaux 33370;  960
Asnières-sur-Seine 92600; 9 760
Athis-Mons 91200; 4 100
Aubagne 13400; 5 600
Aubenas 07200; 1 930
Aubergenville 78410; 1 330
Aubervilliers 93300; 14 710
Aubevoye 27940;  530
Aubière 63170;  850
Aubignan 84810;  660
Aubigny-Les Clouzeaux 85430;  610
Aubigny-sur-Nère 18700;  510
Auby 59950; 1 140
Aucamville 31140; 1 350
Auch 32000; 2 590
Auchel 62260; 1 660
Audenge 33980;  930
Audincourt 25400; 2 370
Audruicq 62370;  490
Audun-le-Tiche 57390;  460
Aulnay-sous-Bois 93600; 11 620
Aulnoye-Aymeries 59620; 1 380
Aulnoy-lez-Valenciennes 59300;  870
Auneau-Bleury-Saint-Symphorien 28700;  480
Auray 56400; 1 600
Aurec-sur-Loire 43110;  490
Aureilhan 65800;  800
Aurillac 15000; 2 600
Auriol 13390; 1 180
Aussillon 81200;  610
Aussonne 31840;  830
Auterive 31190; 1 160
Autun 71400; 1 500
Auvers-sur-Oise 95430;  490
Auxerre 89000; 4 660
Auxonne 21130;  700
Avallon 89200;  850
Avignon 84000; 16 910
Avion 62210; 2 590
Avon 77210; 1 410
Avranches 50300; 1 140
Avrillé 49240; 1 330
Aÿ-Champagne 51160;  430
Aytré 17440; 1 140
Bagnères-de-Bigorre 65200;  910
Bagneux 92220; 5 380
Bagnolet 93170; 6 310
Bagnols-sur-Cèze 30200; 2 880
Baie-Mahault 97122; 4 730
Baillargues 34670;  900
Bailleul 59270; 1 190
Baillif 97123;  950
Bailly-Romainvilliers 77700;  620
Bain-de-Bretagne 35470;  680
Baisieux 59780;  380
Balaruc-les-Bains 34540;  780
Ballancourt-sur-Essonne 91610;  570
Ballan-Miré 37510;  630
Balma 31130; 1 610
Bandol 83150;  930
Bannalec 29380;  530
Barberaz 73000;  510
Barentin 76360; 1 190
Bar-le-Duc 55000; 1 970
Barlin 62620; 1 060
Barr 67140;  660
Bar-sur-Aube 10200;  600
Basse-Goulaine 44115;  620
Bassens 33530; 1 180
Bassens 73000;  460
Basse-Terre 97100; 2 050
Bastia 20200; 3 130
Baud 56150;  520
Baugé-en-Anjou 49150; 1 130
Baume-les-Dames 25110;  470
Bauvin 59221;  550
Bayeux 14400; 1 430
Bayonne 64100; 6 850
Bazas 33430;  550
Beaucaire 30300; 3 560
Beauchamp 95250;  870
Beaucourt 90500;  560
Beaucouzé 49070;  430
Beaufort-en-Vallée 49250;  640
Beaugency 45190;  910
Beaumont 63110;  950
Beaumont-sur-Oise 95260; 1 110
Beaune 21200; 1 840
Beaupréau 49600; 1 730
Beaurains 62217;  580
Beaurepaire 38270;  580
Beausoleil 06240;  900
Beauvais 60000; 9 250
Beauvoisin 30640;  660
Beauzelle 31700;  980
Bédarieux 34600;  930
Bédarrides 84370;  590
Bègles 33130; 4 280
Behren-lès-Forbach 57460;  980
Belfort 90000; 7 150
Belin-Béliet 33830;  650
Bellegarde 30127;  920
Bellegarde-sur-Valserine 01200; 2 180
Bellerive-sur-Allier 03700;  950
Bellevigne-en-Layon 49380;  450
Bellevigny 85170;  410
Belleville 69220; 1 410
Belley 01300;  880
Benfeld 67230;  510
Berck 62600; 1 560
Bergerac 24100; 3 780
Bernay 27300; 1 250
Berre-l'Étang 13130; 1 850
Besançon 25000; 14 820
Bessan 34550;  730
Bessancourt 95550;  800
Bétheny 51450;  610
Bethoncourt 25200;  960
Béthune 62400; 4 160
Betton 35830; 1 110
Beuvrages 59192; 1 090
Beuvry 62660; 1 070
Beynes 78650;  440
Béziers 34500; 15 380
Bezons 95870; 4 720
Biarritz 64200; 2 910
Bidart 64210;  930
Biganos 33380;  980
Biguglia 20620;  560
Bihorel 76420;  810
Billère 64140; 2 050
Billy-Berclau 62138;  460
Billy-Montigny 62420; 1 290
Binic-Étables-sur-Mer 22680;  520
Biot 06410;  740
Biscarrosse 40600; 1 830
Bischheim 67800; 2 630
Bischwiller 67240; 1 550
Bitche 57230;  480
Blagnac 31700; 3 030
Blain 44130;  910
Blainville-sur-Orne 14550;  670
Blanquefort 33290; 1 690
Blanzy 71450;  520
Blaye 33390;  780
Blendecques 62575;  490
Bléré 37150;  590
Blois 41000; 7 090
Blotzheim 68730;  420
Bobigny 93000; 8 360
Boé 47550;  500
Bogny-sur-Meuse 08120;  660
Bohain-en-Vermandois 02110; 1 110
Bois-Colombes 92270; 2 450
Bois-d'Arcy 78390; 1 040
Bois-Guillaume 76230;  880
Bois-le-Roi 77590;  390
Boissy-Saint-Léger 94470; 1 970
Bolbec 76210; 1 690
Bollène 84500; 1 980
Bompas 66430; 1 040
Bonchamp-lès-Laval 53960;  340
Bondoufle 91070;  880
Bondues 59910;  640
Bondy 93140; 8 680
Bon-Encontre 47240;  580
Bonneuil-sur-Marne 94380; 2 280
Bonneville 74130; 1 380
Bonnières-sur-Seine 78270;  680
Bonsecours 76240;  500
Bons-en-Chablais 74890;  500
Bordeaux 33000; 38 370
Bordères-sur-l'Échez 65320;  570
Borgo 20290;  770
Bormes-les-Mimosas 83230; 1 050
Bouaye 44830;  610
Boucau 64340; 1 120
Bouc-Bel-Air 13320; 1 230
Bouchemaine 49080;  450
Bouffémont 95570;  540
Bougival 78380;  720
Bouguenais 44340; 2 780
Bouillante 97125; 1 560
Bouillargues 30230;  520
Boulay-Moselle 57220;  470
Boulazac 24750;  940
Boulogne-Billancourt 92100; 9 580
Boulogne-sur-Mer 62200; 6 430
Bourbon-Lancy 71140;  410
Bourbourg 59630;  830
Bourg-de-Péage 26300; 1 300
Bourg-en-Bresse 01000; 5 680
Bourges 18000; 8 350
Bourg-la-Reine 92340; 1 500
Bourg-lès-Valence 26500; 2 460
Bourgoin-Jallieu 38300; 3 750
Bourg-Saint-Andéol 07700; 1 060
Bourg-Saint-Maurice 73700;  870
Boussy-Saint-Antoine 91800;  720
Bras-Panon 97412; 3 180
Bréal-sous-Montfort 35310;  450
Brebières 62117;  500
Brech 56400;  540
Bressuire 79300; 1 780
Brest 29200; 17 400
Bretignolles-sur-Mer 85470;  420
Brétigny-sur-Orge 91220; 3 090
Breuillet 91650;  730
Briançon 05100; 1 500
Briare 45250;  560
Bricquebec-en-Cotentin 50260;  400
Briec 29510;  510
Brie-Comte-Robert 77170; 1 670
Briey 54150;  770
Brignais 69530; 1 040
Brignoles 83170; 2 640
Brindas 69126;  390
Brioude 43100;  820
Brissac Loire Aubance 49320;  900
Brive-la-Gaillarde 19100; 5 370
Bron 69500; 4 770
Brou-sur-Chantereine 77177;  580
Bruay-la-Buissière 62700; 3 480
Bruay-sur-l'Escaut 59860; 1 950
Bruges 33520; 2 180
Bruguières 31150;  730
Brumath 67170;  820
Brunoy 91800; 1 970
Brunstatt 68350;  670
Bruz 35170; 1 780
Bry-sur-Marne 94360; 1 430
Buc 78530;  340
Bully-les-Mines 62160; 1 650
Bures-sur-Yvette 91440;  530
Bussy-Saint-Georges 77600; 2 800
Buxerolles 86180; 1 020
Cabestany 66330; 1 150
Cabriès 13480;  710
Cachan 94230; 2 940
Cadaujac 33140;  580
Caen 14000; 15 100
Cagnes-sur-Mer 06800; 4 740
Cahors 46000; 2 800
Calais 62100; 11 930
Calonne-Ricouart 62470;  810
Caluire-et-Cuire 69300; 4 090
Calvi 20260;  630
Calvisson 30420;  720
Cambo-les-Bains 64250;  540
Cambrai 59400; 4 870
Cancale 35260;  450
Canéjan 33610;  420
Canet-en-Roussillon 66140; 2 110
Cannes 06400; 9 930
Canohès 66680;  700
Canteleu 76380; 2 210
Capbreton 40130; 1 320
Capesterre-Belle-Eau 97130; 3 680
Cappelle-la-Grande 59180;  860
Carbon-Blanc 33560;  880
Carbonne 31390;  720
Carcassonne 11000; 7 310
Carentan 50500;  760
Carhaix-Plouguer 29270;  750
Carmaux 81400; 1 460
Carnoux-en-Provence 13470;  560
Carpentras 84200; 5 110
Carquefou 44470; 1 570
Carqueiranne 83320;  790
Carrières-sous-Poissy 78955; 2 560
Carrières-sur-Seine 78420; 1 190
Carros 06510; 1 120
Carry-le-Rouet 13620;  460
Carvin 62220; 2 120
Cassis 13260;  590
Castanet-Tolosan 31320; 1 630
Castelginest 31780; 1 290
Castelnaudary 11400; 1 590
Castelnau-d'Estrétefonds 31620;  640
Castelnau-le-Lez 34170; 3 530
Castelsarrasin 82100; 2 040
Castres 81100; 5 540
Castries 34160;  680
Caudan 56850;  540
Caudebec-lès-Elbeuf 76320; 1 610
Caudry 59540; 2 500
Caumont-sur-Durance 84510;  750
Caussade 82300; 1 000
Cavaillon 84300; 4 570
Cavalaire-sur-Mer 83240;  910
Cayenne 97300; 10 790
Cazouls-lès-Béziers 34370;  620
Cébazat 63118;  720
Cenon 33150; 4 220
Céret 66400; 1 230
Cergy 95000; 10 050
Cernay 68700; 1 190
Cesson 77240;  850
Cesson-Sévigné 35510; 1 720
Cessy 01170;  440
Cestas 33610; 1 080
Ceyrat 63122;  460
Chabeuil 26120;  650
Chagny 71150;  520
Châlette-sur-Loing 45120; 2 160
Challans 85300; 2 010
Challes-les-Eaux 73190;  440
Chalonnes-sur-Loire 49290;  560
Châlons-en-Champagne 51000; 5 610
Chalon-sur-Saône 71100; 6 200
Chamalières 63400; 1 600
Chambéry 73000; 7 420
Chambly 60230;  920
Chambourcy 78240;  430
Chambray-lès-Tours 37170; 1 320
Chamonix-Mont-Blanc 74400;  910
Champagne-au-Mont-d'Or 69410;  560
Champagne-sur-Oise 95660;  390
Champagne-sur-Seine 77430;  840
Champagnole 39300;  640
Champigneulles 54250;  750
Champigny-sur-Marne 94500; 10 030
Champniers 16430;  390
Champs-sur-Marne 77420; 2 620
Changé 53810;  380
Changé 72560;  480
Chanteloup-les-Vignes 78570; 1 310
Chantepie 35135; 1 190
Chantilly 60500;  920
Chantonnay 85110;  800
Chanverrie 85130;  380
Chaponost 69630;  620
Charbonnières-les-Bains 69260;  390
Charenton-le-Pont 94220; 2 640
Charleville-Mézières 08000; 7 600
Charnay-lès-Mâcon 71850;  670
Chartres 28000; 4 970
Chartres-de-Bretagne 35131;  950
Charvieu-Chavagneux 38230;  900
Chasse-sur-Rhône 38670;  640
Chassieu 69680;  850
Château-Arnoux-Saint-Auban 04160;  620
Châteaubourg 35220;  570
Châteaubriant 44110; 1 270
Châteaudun 28200; 1 650
Châteaugiron 35410;  750
Château-Gontier 53200; 1 380
Châteaulin 29150;  490
Châteauneuf-les-Martigues 13220; 1 900
Châteauneuf-sur-Loire 45110;  710
Châteaurenard 13160; 2 220
Château-Renault 37110;  590
Châteauroux 36000; 5 620
Château-Thierry 02400; 2 430
Châtelaillon-Plage 17340;  620
Châtel-Guyon 63140;  540
Châtellerault 86100; 4 920
Châtenay-Malabry 92290; 3 040
Châtenoy-le-Royal 71880;  630
Châtillon 92320; 3 020
Châtillon-sur-Chalaronne 01400;  390
Châtillon-sur-Seine 21400;  650
Chatou 78400; 2 280
Chatuzange-le-Goubet 26300;  560
Chaumes-en-Retz 44320;  630
Chaumont 52000; 2 190
Chauny 02300; 1 750
Chauray 79180;  560
Chauvigny 86300;  650
Chavanoz 38230;  480
Chaville 92370; 1 610
Chazelles-sur-Lyon 42140;  450
Chécy 45430;  710
Chelles 77500; 5 920
Chemillé-Melay 49120; 1 610
Chennevières-sur-Marne 94430; 2 080
Chenôve 21300; 2 170
Cherbourg-Octeville 50100; 7 540
Chessy 77700;  830
Chevigny-Saint-Sauveur 21800;  930
Chevilly-Larue 94550; 2 220
Chevreuse 78460;  340
Chilly-Mazarin 91380; 2 140
Chinon 37500; 1 020
Choisy-le-Roi 94600; 5 590
Cholet 49300; 5 890
Ciboure 64500;  740
Cilaos 97413; 1 680
Claix 38640;  590
Clamart 92140; 5 050
Clapiers 34830;  480
Claye-Souilly 77410; 1 060
Cléon 76410;  710
Clermont 60600; 1 250
Clermont-Ferrand 63000; 18 800
Clermont-l'Hérault 34800; 1 570
Clichy 92110; 7 350
Clichy-sous-Bois 93390; 4 540
Clisson 44190;  600
Cloyes-les-Trois-Rivières 28220;  380
Cluny 71250;  350
Cluses 74300; 2 380
Cognac 16100; 2 570
Cognin 73160;  700
Cogolin 83310; 1 890
Colmar 68000; 8 100
Colombelles 14460; 1 050
Colombes 92700; 10 180
Colomiers 31770; 4 640
Combourg 35270;  480
Combs-la-Ville 77380; 2 370
Comines 59560; 1 170
Commentry 03600;  780
Commercy 55200;  800
Compiègne 60200; 5 160
Concarneau 29900; 1 990
Conches-en-Ouche 27190;  540
Condat-sur-Vienne 87920;  430
Condé-sur-l'Escaut 59163; 1 560
Condé-sur-Noireau 14110;  580
Condom 32100;  850
Conflans-Sainte-Honorine 78700; 3 380
Contes 06390;  540
Corbas 69960;  950
Corbeil-Essonnes 91100; 7 290
Corbie 80800;  570
Cormeilles-en-Parisis 95240; 2 350
Cormelles-le-Royal 14123;  490
Cormontreuil 51350;  470
Cornebarrieu 31700; 1 060
Corte 20250;  400
Cosne-Cours-sur-Loire 58200; 1 040
Coublevie 38500;  330
Coubron 93470;  420
Coudekerque-Branche 59210; 2 340
Couëron 44220; 1 960
Coulaines 72190; 1 150
Coulogne 62137;  520
Coulommiers 77120; 1 760
Coulounieix-Chamiers 24660;  990
Courbevoie 92400; 7 160
Courcelles-lès-Lens 62970; 1 040
Courdimanche 95800;  700
Cournon-d'Auvergne 63800; 1 720
Cournonterral 34660;  880
Courrières 62710; 1 230
Coursan 11110;  820
Courthézon 84350;  680
Courtry 77181;  550
Coutances 50200;  970
Coutras 33230; 1 150
Couzeix 87270;  820
Cranves-Sales 74380;  620
Craponne 69290;  960
Crégy-lès-Meaux 77124;  480
Creil 60100; 5 860
Crépy-en-Valois 60800; 1 360
Crest 26400; 1 500
Créteil 94000; 10 810
Creutzwald 57150; 1 620
Croissy-sur-Seine 78290;  780
Croix 59170; 2 390
Crolles 38190;  590
Crosne 91560;  750
Crozon 29160;  750
Cruseilles 74350;  430
Cucq 62780;  390
Cuers 83390; 1 230
Cuges-les-Pins 13780;  640
Cugnaux 31270; 2 640
Cuincy 59553;  730
Cusset 03300; 1 550
Dainville 62000;  350
Dammarie-les-Lys 77190; 3 750
Dammartin-en-Goële 77230; 1 010
Dardilly 69570;  660
Darnétal 76160; 1 510
Dax 40100; 3 620
Decazeville 12300;  710
Dechy 59187;  800
Décines-Charpieu 69150; 3 410
Decize 58300;  510
Delle 90100;  860
Denain 59220; 4 320
Déols 36130;  780
Desvres 62240;  590
Deuil-la-Barre 95170; 2 440
Déville-lès-Rouen 76250; 1 720
Die 26150;  790
Dieppe 76200; 4 320
Digne-les-Bains 04000; 2 100
Digoin 71160;  860
Dijon 21000; 18 240
Dinan 22100; 1 860
Dinard 35800;  960
Dives-sur-Mer 14160;  560
Divion 62460; 1 070
Divonne-les-Bains 01220;  830
Dol-de-Bretagne 35120;  600
Dole 39100; 2 770
Dombasle-sur-Meurthe 54110;  830
Domène 38420;  520
Domérat 03410;  880
Domont 95330; 1 470
Dompierre-sur-Mer 17139;  520
Donges 44480;  810
Donzère 26290;  720
Douai 59500; 7 260
Douarnenez 29100; 2 010
Douchy-les-Mines 59282; 1 710
Doué-la-Fontaine 49700; 1 180
Doullens 80600;  850
Dourdan 91410;  970
Dourges 62119;  720
Douvaine 74140;  630
Douvres-la-Délivrande 14440;  390
Douvrin 62138;  600
Draguignan 83300; 5 120
Drancy 93700; 10 520
Drap 06340;  480
Draveil 91210; 2 430
Dreux 28100; 5 330
Drusenheim 67410;  370
Ducos 97224; 2 420
Dugny 93440; 1 730
Dunkerque 59140; 11 700
Eaubonne 95600; 2 220
Eaunes 31600;  760
Échirolles 38130; 4 480
Eckbolsheim 67201;  600
Écouen 95440;  690
Écully 69130; 1 470
Égletons 19300;  340
Égly 91520;  630
Éguilles 13510;  650
Élancourt 78990; 2 220
Elbeuf 76500; 3 350
Elne 66200; 1 650
Elven 56250;  530
Embrun 05200;  820
Émerainville 77184;  660
Enghien-les-Bains 95880; 1 030
Ensisheim 68190;  630
Ensuès-la-Redonne 13820;  440
Entraigues-sur-la-Sorgue 84320;  890
Entre-Deux 97414; 1 670
Entrelacs 73410;  390
Epagny Metz-Tessy 74330;  690
Épernay 51200; 2 800
Épernon 28230;  560
Épinal 88000; 4 590
Épinay-sous-Sénart 91860; 1 380
Épinay-sur-Orge 91360;  850
Épinay-sur-Seine 93800; 7 390
Épône 78680;  740
Éragny 95610; 1 860
Erdre-en-Anjou 49220;  410
Ergué-Gabéric 29500;  610
Ermont 95120; 2 950
Ernée 53500;  420
Erquinghem-Lys 59193;  400
Erstein 67150; 1 010
Esbly 77450;  500
Escalquens 31750;  650
Escaudain 59124; 1 510
Eschau 67114;  410
Essey-lès-Nancy 54270;  980
Estaires 59940;  590
Esvres 37320;  440
Étampes 91150; 3 030
Étaples 62630; 1 220
Étoile-sur-Rhône 26800;  510
Étréchy 91580;  450
Eu 76260;  710
Évian-les-Bains 74500; 1 190
Évreux 27000; 7 790
Évron 53600;  650
Évry 91000; 9 230
Eybens 38320; 1 010
Eyguières 13430;  750
Eysines 33320; 2 700
Ézanville 95460;  890
Fabrègues 34690;  810
Faches-Thumesnil 59155; 2 610
Falaise 14700;  990
Fameck 57290; 1 660
Farébersviller 57450;  830
Faulquemont 57380;  560
Faverges 74210;  720
Fayence 83440;  610
Fécamp 76400; 2 240
Fegersheim 67640;  420
Feignies 59750;  930
Fenain 59179;  610
Fenouillet 31150;  710
Ferney-Voltaire 01210; 1 120
Ferrière-la-Grande 59680;  740
Feurs 42110;  730
Feytiat 87220;  460
Feyzin 69320; 1 380
Figeac 46100; 1 110
Fillière 74570;  620
Firminy 42700; 2 490
Fismes 51170;  610
Flers 61100; 2 250
Flers-en-Escrebieux 59128;  810
Fleurance 32500;  720
Fleury-les-Aubrais 45400; 2 870
Fleury-Mérogis 91700; 1 060
Fleury-sur-Orne 14123;  840
Flines-lez-Raches 59148;  500
Floirac 33270; 2 570
Florange 57190; 1 240
Florensac 34510;  670
Foix 09000; 1 490
Fondettes 37230;  770
Fonsorbes 31470; 1 140
Fontaine 38600; 2 620
Fontainebleau 77300; 1 270
Fontaine-lès-Dijon 21121;  640
Fontaines-sur-Saône 69270;  700
Fontenay-aux-Roses 92260; 2 020
Fontenay-le-Comte 85200; 1 430
Fontenay-le-Fleury 78330; 1 190
Fontenay-sous-Bois 94120; 5 750
Fontenay-Trésigny 77610;  470
Fontenilles 31470;  370
Forbach 57600; 3 500
Forcalquier 04300;  670
Fort-de-France 97200; 14 160
Fosses 95470; 1 000
Fos-sur-Mer 13270; 1 660
Fouesnant 29170;  720
Fougères 35300; 2 540
Foulayronnes 47510;  440
Fouquières-lès-Lens 62740;  790
Fourmies 59610; 2 100
Francheville 69340; 1 180
Franconville 95130; 3 780
Franqueville-Saint-Pierre 76520;  440
Fréjus 83600; 7 680
Fresnes 94260; 2 640
Fresnes-sur-Escaut 59970; 1 110
Freyming-Merlebach 57800; 1 830
Frontignan 34110; 2 920
Fronton 31620;  590
Frouard 54390;  770
Frouzins 31270;  920
Fumel 47500;  660
Furiani 20600;  450
Fuveau 13710;  810
Gagny 93220; 4 840
Gaillac 81600; 2 120
Gaillard 74240; 1 550
Gaillon 27600; 1 010
Gambsheim 67760;  330
Gan 64290;  440
Gannat 03800;  670
Gap 05000; 4 300
Garches 92380; 1 320
Gardanne 13120; 2 580
Garéoult 83136;  530
Gargenville 78440;  800
Garges-lès-Gonesse 95140; 5 650
Garons 30128;  610
Gauchy 02430;  670
Geispolsheim 67400;  580
Gémenos 13420;  490
Genas 69740;  800
Genay 69730;  460
Genlis 21110;  460
Gennes-Val-de-Loire 49350;  860
Gennevilliers 92230; 6 720
Gentilly 94250; 2 290
Gérardmer 88400;  740
Gerzat 63360; 1 220
Gévezé 35850;  500
Gex 01170; 1 420
Gien 45500; 1 900
Gières 38610;  540
Gif-sur-Yvette 91190; 1 160
Gigean 34770;  750
Gignac 34150;  800
Gignac-la-Nerthe 13180; 1 070
Gisors 27140; 1 460
Givet 08600;  830
Givors 69700; 3 200
Gleizé 69400;  750
Golbey 88190; 1 100
Gond-Pontouvre 16160;  750
Gonesse 95500; 3 810
Gonfreville-l'Orcher 76700; 1 280
Gorges 44190;  350
Gouesnou 29850;  430
Gourbeyre 97113; 1 360
Gournay-en-Bray 76220;  690
Gournay-sur-Marne 93460;  540
Goussainville 95190; 4 410
Gouvieux 60270;  590
Goyave 97128; 1 460
Grabels 34790; 1 130
Gradignan 33170; 2 300
Grand-Bourg 97112;  840
Grand-Champ 56390;  400
Grandchamps-des-Fontaines 44119;  440
Grand-Charmont 25200;  890
Grand-Couronne 76530; 1 350
Grande-Synthe 59760; 3 340
Grand-Fort-Philippe 59153;  530
Grand-Santi 97340;  410
Grans 13450;  560
Granville 50400; 1 360
Grasse 06130; 5 000
Graulhet 81300; 1 970
Gravelines 59820; 1 220
Gray 70100;  770
Grenade 31330;  980
Grenay 62160;  990
Grenoble 38000; 18 800
Gretz-Armainvilliers 77220;  890
Grézieu-la-Varenne 69290;  500
Grigny 69520; 1 080
Grigny 91350; 3 960
Groslay 95410;  850
Gros-Morne 97213; 1 740
Gruissan 11430;  750
Guebwiller 68500; 1 340
Guémené-Penfao 44290;  550
Guénange 57310;  700
Guer 56380;  500
Guérande 44350; 1 470
Guéret 23000; 1 500
Gueugnon 71130;  560
Guichen 35580;  820
Guidel 56520;  890
Guilers 29820;  600
Guilherand-Granges 07500;  840
Guînes 62340;  700
Guingamp 22200; 1 270
Guipavas 29490; 1 190
Guipry-Messac 35480;  700
Guise 02120;  760
Gujan-Mestras 33470; 2 050
Guyancourt 78280; 2 750
Habsheim 68440;  430
Hagondange 57300;  950
Haguenau 67500; 3 800
Haillicourt 62940;  710
Halluin 59250; 2 240
Harfleur 76700; 1 280
Harnes 62440; 1 710
Hasparren 64240;  640
Haubourdin 59320; 1 760
Haute-Goulaine 44115;  380
Hautmont 59330; 2 600
Hauts de Bienne 39400;  650
Hayange 57240; 1 720
Hazebrouck 59190; 2 100
Heillecourt 54180;  300
Hem 59510; 2 170
Hendaye 64700; 1 940
Hénin-Beaumont 62110; 4 120
Hennebont 56700; 1 720
Herbignac 44410;  600
Herblay 95220; 3 170
Héric 44810;  470
Héricourt 70400; 1 230
Hérouville-Saint-Clair 14200; 3 290
Hersin-Coupigny 62530;  710
Hettange-Grande 57330;  400
Hirson 02500; 1 550
Hoenheim 67800; 1 180
Hombourg-Haut 57470;  680
Homécourt 54310;  800
Honfleur 14600;  920
Horbourg-Wihr 68180;  460
Houdain 62150;  850
Houilles 78800; 2 920
Houplines 59116;  800
Huningue 68330;  820
Hyères 83400; 6 420
Idron 64320;  370
Ifs 14123; 1 210
Igny 91430;  590
Ille-sur-Têt 66130; 1 090
Illkirch-Graffenstaden 67400; 2 770
Illzach 68110; 2 010
Ingré 45140; 1 000
Inzinzac-Lochrist 56650;  600
Irigny 69540;  760
Isbergues 62330;  920
Isle 87170;  620
Issoire 63500; 1 770
Issoudun 36100; 1 320
Issy-les-Moulineaux 92130; 5 660
Istres 13800; 5 150
Itteville 91760;  380
Ivry-sur-Seine 94200; 8 500
Izon 33450;  580
Jacou 34830;  580
Janzé 35150;  650
Jarny 54800;  860
Jarville-la-Malgrange 54140; 1 440
Jassans-Riottier 01480;  530
Jaunay-Clan 86130;  640
Jeumont 59460; 1 600
Joeuf 54240;  860
Joigny 89300; 1 470
Joinville-le-Pont 94340; 1 720
Jonage 69330;  410
Jonquières 84150;  550
Jouars-Pontchartrain 78760;  310
Joué-lès-Tours 37300; 4 490
Jouy-en-Josas 78350;  350
Jouy-le-Moutier 95280; 1 610
Jurançon 64110;  740
Juvignac 34990; 1 890
Juvisy-sur-Orge 91260; 2 160
Kembs 68680;  490
Kervignac 56700;  490
Kingersheim 68260; 1 400
Kourou 97310; 4 230
L' Île-d'Yeu 85350;  380
La Balme-de-Sillingy 74330;  430
La Bassée 59480;  820
La Baule-Escoublac 44500; 1 500
La Bouilladisse 13720;  480
La Cadière-d'Azur 83740;  410
La Celle-Saint-Cloud 78170; 1 660
La Chapelle-Basse-Mer 44450;  530
La Chapelle-d'Armentières 59930;  770
La Chapelle-Saint-Luc 10600; 2 260
La Chapelle-Saint-Mesmin 45380; 1 070
La Chapelle-sur-Erdre 44240; 1 490
La Charité-sur-Loire 58400;  460
La Chevrolière 44118;  460
La Ciotat 13600; 4 720
La Colle-sur-Loup 06480;  670
La Côte-Saint-André 38260;  540
La Courneuve 93120; 6 060
La Couronne 16400;  990
La Crau 83260; 1 520
La Crèche 79260;  420
La Fare-les-Oliviers 13580;  700
La Farlède 83210;  780
La Ferrière 85280;  400
La Ferté-Bernard 72400; 1 000
La Ferté-Macé 61600;  570
La Ferté-Saint-Aubin 45240;  570
La Ferté-sous-Jouarre 77260; 1 180
La Flèche 72200; 1 510
La Garde 83130; 2 410
La Garenne-Colombes 92250; 2 300
La Garnache 85710;  490
La Gaude 06610;  510
La Gorgue 59253;  520
La Grand-Combe 30110; 1 200
La Grand-Croix 42320;  590
La Grande-Motte 34280; 1 560
La Hague 50440;  660
La Londe-les-Maures 83250; 1 080
La Madeleine 59110; 2 500
La Mézière 35520;  380
La Montagne 44620;  550
La Motte-Servolex 73290;  800
La Mulatière 69350;  790
La Mure 38350;  400
La Penne-sur-Huveaune 13821;  570
La Plaine-des-Palmistes 97431; 1 710
La Possession 97419; 7 580
La Queue-en-Brie 94510;  980
La Ravoire 73490;  850
La Ricamarie 42150; 1 340
La Riche 37520; 1 360
La Rochelle 17000; 11 240
La Roche-sur-Foron 74800;  970
La Roche-sur-Yon 85000; 6 770
La Roque-d'Anthéron 13640;  570
La Roquette-sur-Siagne 06550;  480
La Salvetat-Saint-Gilles 31880;  720
La Seyne-sur-Mer 83500; 8 220
La Souterraine 23300;  590
La Talaudière 42350;  550
La Teste-de-Buch 33260; 2 770
La Tour-du-Pin 38110;  900
La Trinité 06340;  890
La Trinité 97220; 2 130
La Tronche 38700;  460
La Valette-du-Var 83160; 2 000
La Verpillière 38290;  860
La Verrière 78320;  690
La Ville-aux-Dames 37700;  590
La Ville-du-Bois 91620;  670
La Voulte-sur-Rhône 07800;  640
La Wantzenau 67610;  310
Labarthe-sur-Lèze 31860;  650
Labenne 40530;  770
Labruguière 81290;  650
Lacanau 33680;  770
Lacroix-Saint-Ouen 60610;  470
Lagnieu 01150;  650
Lagny-sur-Marne 77400; 2 400
Lagord 17140;  690
L'Aigle 61300; 1 060
Laillé 35890;  410
Lallaing 59167;  850
Lamballe 22400; 1 440
Lambersart 59130; 2 270
Lambesc 13410;  860
Lambres-lez-Douai 59552;  470
Lamentin 97129; 3 350
Lamorlaye 60260;  580
Lançon-Provence 13680;  890
Landerneau 29800; 1 420
Landivisiau 29400;  880
Lanester 56600; 2 590
Laneuveville-devant-Nancy 54410;  680
Langon 33210; 1 050
Langres 52200; 1 060
Langueux 22360;  760
Languidic 56440;  710
Lannemezan 65300;  700
Lannilis 29870;  420
Lannion 22300; 2 160
Lanton 33138;  620
Laon 02000; 4 310
L'Arbresle 69210;  690
Lardy 91510;  360
Larmor-Plage 56260;  510
Lattes 34970; 1 760
Laudun-l'Ardoise 30290;  620
Launaguet 31140; 1 120
Laval 53000; 6 010
Lavaur 81500; 1 180
Lavelanet 09300; 1 000
Laventie 62840;  350
Laxou 54520; 1 550
Le Barcarès 66420; 1 060
Le Barp 33114;  420
Le Beausset 83330;  970
Le Blanc 36300;  570
Le Blanc-Mesnil 93150; 8 210
Le Boulou 66160;  780
Le Bourget 93350; 2 000
Le Bourget-du-Lac 73370;  370
Le Bouscat 33110; 2 410
Le Cannet 06110; 5 070
Le Castellet 83330;  650
Le Cateau-Cambrésis 59360; 1 220
Le Cendre 63670;  360
Le Chambon-Feugerolles 42500; 1 660
Le Chesnay 78150; 2 000
Le Controis-en-Sologne 41700;  750
Le Coteau 42120;  730
Le Crès 34920;  860
Le Creusot 71200; 2 450
Le Diamant 97223;  980
Le Fenouiller 85800;  360
Le François 97240; 3 080
Le Gosier 97190; 5 480
Le Grand-Quevilly 76120; 3 160
Le Grau-du-Roi 30240; 1 440
Le Haillan 33185; 1 070
Le Havre 76600; 25 850
Le Kremlin-Bicêtre 94270; 2 860
Le Lamentin 97232; 6 320
Le Lavandou 83980;  870
Le Lion-d'Angers 49220;  370
Le Loroux-Bottereau 44430;  660
Le Lorrain 97214; 1 320
Le Luc 83340; 1 510
Le Mans 72000; 21 490
Le Marin 97290; 1 770
Le Mée-sur-Seine 77350; 2 820
Le Mené 22330;  600
Le Mesnil-Esnard 76240;  620
Le Mesnil-le-Roi 78600;  400
Le Mesnil-Saint-Denis 78320;  450
Le Morne-Rouge 97260;  670
Le Moule 97160; 4 520
Le Muy 83490; 1 220
Le Palais-sur-Vienne 87410;  530
Le Passage 47520; 1 010
Le Péage-de-Roussillon 38550;  920
Le Pecq 78230; 1 230
Le Pellerin 44640;  490
Le Perray-en-Yvelines 78610;  420
Le Perreux-sur-Marne 94170; 2 890
Le Petit-Quevilly 76140; 3 720
Le Pian-Médoc 33290;  510
Le Plessis-Bouchard 95130;  670
Le Plessis-Robinson 92350; 1 880
Le Plessis-Trévise 94420; 1 870
Le Poinçonnet 36330;  320
Le Poiré-sur-Vie 85170;  650
Le Pont-de-Claix 38800; 1 270
Le Pontet 84130; 2 340
Le Port 97420; 9 710
Le Portel 62480; 1 230
Le Port-Marly 78560;  530
Le Pradet 83220;  910
Le Pré-Saint-Gervais 93310; 2 650
Le Puy-en-Velay 43000; 2 500
Le Puy-Sainte-Réparade 13610;  600
Le Quesnoy 59530;  640
Le Raincy 93340; 1 440
Le Relecq-Kerhuon 29480;  930
Le Rheu 35650;  990
Le Robert 97231; 3 650
Le Rove 13740;  460
Le Soler 66270;  970
Le Taillan-Médoc 33320;  960
Le Tampon 97430; 21 000
Le Teich 33470;  840
Le Teil 07400; 1 170
Le Thor 84250; 1 000
Le Trait 76580;  530
Le Tréport 76470;  570
Le Vauclin 97280; 1 720
Le Versoud 38420;  290
Le Vésinet 78110; 1 050
Leers 59115;  690
Leforest 62790;  800
Lège-Cap-Ferret 33950;  790
Léguevin 31490;  880
Lempdes 63370;  680
Lens 62300; 6 030
Lentilly 69210;  470
Léognan 33850;  840
Les Abrets en Dauphiné 38490;  540
Les Abymes 97139; 11 940
Les Achards 85150;  480
Les Andelys 27700;  930
Les Angles 30133;  880
Les Arcs 83460;  970
Les Avenières 38630;  630
Les Avirons 97425; 2 480
Les Clayes-sous-Bois 78340; 1 260
Les Essarts 85140;  610
Les Essarts-le-Roi 78690;  400
Les Hauts-d'Anjou 49330;  770
Les Herbiers 85500; 1 360
Les Lilas 93260; 2 950
Les Mureaux 78130; 5 700
Les Pavillons-sous-Bois 93320; 3 070
Les Pennes-Mirabeau 13170; 1 640
Les Ponts-de-Cé 49130; 1 310
Les Sables-d'Olonne 85100; 4 130
Les Sorinières 44840;  850
Les Trois-Bassins 97426; 2 170
Les Trois-Îlets 97229; 1 370
Les Ulis 91940; 2 900
Lescar 64230;  830
Lésigny 77150;  450
Lesneven 29260;  650
Lesparre-Médoc 33340;  890
Lesquin 59810;  760
Lestrem 62136;  380
L'Étang-Salé 97427; 3 360
Levallois-Perret 92300; 5 210
Levens 06670;  400
Lèves 28300;  430
Lézignan-Corbières 11200; 1 580
Lezoux 63190;  660
L'Haÿ-les-Roses 94240; 3 110
L'Hôpital 57490;  660
Liancourt 60140;  780
Libercourt 62820; 1 160
Libourne 33500; 3 630
Lieusaint 77127; 1 350
Liévin 62800; 4 600
Liffré 35340;  700
Ligné 44850;  400
L'Île-Saint-Denis 93450; 1 210
Lille 59000; 35 450
Lillebonne 76170; 1 410
Lillers 62190; 1 380
Limay 78520; 2 680
Limeil-Brévannes 94450; 2 800
Limoges 87000; 16 710
Limours 91470;  350
Limoux 11300; 1 490
Linas 91310;  960
Lingolsheim 67380; 2 460
Linselles 59126;  580
Lisieux 14100; 2 520
L'Isle-Adam 95290;  970
L'Isle-d'Abeau 38080; 2 230
L'Isle-d'Espagnac 16340;  560
L'Isle-Jourdain 32600;  820
L'Isle-sur-la-Sorgue 84800; 2 350
Lisses 91090;  660
Livarot-Pays-d'Auge 14140;  540
Liverdun 54460;  410
Livron-sur-Drôme 26250;  880
Livry-Gargan 93190; 6 080
Loches 37600;  790
Locmaria-Plouzané 29280;  290
Lodève 34700; 1 390
Lognes 77185; 1 460
Loire-Authion 49250; 1 180
Loireauxence 44370;  640
Loison-sous-Lens 62218;  710
Longjumeau 91160; 2 300
Longpont-sur-Orge 91310;  620
Longueau 80330;  660
Longué-Jumelles 49160;  830
Longuenée-en-Anjou 49220;  470
Longuenesse 62219; 1 290
Longuyon 54260;  490
Longvic 21600;  980
Longwy 54400; 1 920
Lons 64140; 1 290
Lons-le-Saunier 39000; 2 060
Loon-Plage 59279;  570
Loos 59120; 2 790
Loos-en-Gohelle 62750;  850
Lorgues 83510; 1 060
Lorient 56100; 7 340
Loriol-sur-Drôme 26270;  780
Lormont 33310; 4 200
Loudéac 22600; 1 030
Loudun 86200;  790
Louhans 71500;  640
Lourdes 65100; 1 880
Louveciennes 78430;  540
Louviers 27400; 2 750
Louvres 95380; 1 250
Louvroil 59720; 1 250
Lucciana 20290;  780
Lucé 28110; 2 310
Luc-la-Primaube 12450;  400
Luçon 85400;  940
Ludon-Médoc 33290;  410
Ludres 54710;  340
Luisant 28600;  600
Lunel 34400; 4 360
Lunéville 54300; 2 840
L'Union 31240; 1 140
Lure 70200; 1 080
Lutterbach 68460;  630
Luxeuil-les-Bains 70300;  830
Luynes 37230;  370
Lyon 69000; 61 580
Lys-Haut-Layon 49310;  700
Lys-lez-Lannoy 59390; 1 540
Mably 42300;  720
Machecoul 44270;  810
Mâcon 71870; 5 210
Macouria 97355; 2 890
Maen Roch 35460;  420
Magnanville 78200;  540
Magny-en-Vexin 95420;  620
Magny-le-Hongre 77700;  690
Magny-les-Hameaux 78114;  640
Mainvilliers 28300; 1 300
Maisons-Alfort 94700; 4 860
Maisons-Laffitte 78600; 1 720
Maizières-lès-Metz 57210; 1 150
Malakoff 92240; 3 130
Malaunay 76770;  630
Malemort-sur-Corrèze 19360;  670
Malesherbes 45330;  830
Mallemort 13370;  730
Malzéville 54220;  840
Mamers 72600;  570
Mana 97360; 1 260
Mandelieu-la-Napoule 06210; 2 660
Manduel 30129;  630
Manosque 04100; 3 170
Mantes-la-Jolie 78200; 7 330
Mantes-la-Ville 78200; 3 130
Marange-Silvange 57159;  490
Marcheprime 33380;  510
Marck 62730; 1 020
Marcoussis 91460;  650
Marcq-en-Baroeul 59700; 3 290
Marennes 17320;  620
Margny-lès-Compiègne 60280;  950
Marguerittes 30320;  880
Marignane 13700; 4 190
Marignier 74970;  540
Maripasoula 97370;  820
Marles-les-Mines 62540;  830
Marly 57157;  670
Marly 59770; 1 620
Marly-la-Ville 95670;  470
Marly-le-Roi 78160; 1 110
Marmande 47200; 2 300
Marnaz 74460;  560
Marolles-en-Hurepoix 91630;  330
Maromme 76150; 1 870
Marquette-lez-Lille 59520; 1 220
Marquise 62250;  560
Marsannay-la-Côte 21160;  400
Marseillan 34340; 1 260
Marseille 13000; 132 210
Marsillargues 34590;  920
Martignas-sur-Jalle 33127;  580
Martigues 13500; 6 430
Massy 91300; 5 460
Matoury 97351; 5 650
Maubeuge 59600; 5 050
Mauges-sur-Loire 49620; 1 330
Mauguio 34130; 2 130
Maule 78580;  420
Mauléon 79700;  580
Maurepas 78310; 1 750
Maxéville 54320; 1 550
Mayenne 53100; 1 180
Mazamet 81200; 1 470
Mazan 84380;  630
Mazé-Milon 49250;  480
Mazingarbe 62670; 1 170
Meaux 77100; 7 600
Mehun-sur-Yèvre 18500;  550
Melesse 35520;  590
Melle 79500;  520
Melun 77000; 6 610
Mende 48000;  960
Mennecy 91540; 1 240
Menton 06500; 3 060
Menucourt 95180;  450
Mer 41500;  700
Méricourt 62680; 1 650
Mériel 95630;  390
Mérignac 33700; 7 830
Méru 60110; 1 960
Merville 59660; 1 060
Merville 31330;  710
Méry-sur-Oise 95540;  850
Mesnils-sur-Iton 27240;  500
Metz 57000; 15 840
Meudon 92190; 3 940
Meulan-en-Yvelines 78250; 1 190
Meung-sur-Loire 45130;  610
Meximieux 01800;  660
Meylan 38240; 1 250
Meyreuil 13590;  590
Meyzieu 69330; 3 630
Mèze 34140; 1 270
Mézidon Vallée d'Auge 14270;  860
Migennes 89400; 1 100
Mignaloux-Beauvoir 86550;  290
Migné-Auxances 86440;  480
Milhaud 30540;  800
Millau 12100; 2 470
Mimizan 40200; 1 080
Mions 69780; 1 190
Mios 33380; 1 050
Miramas 13140; 3 860
Mirecourt 88500;  610
Miribel 01700;  840
Missillac 44780;  450
Mitry-Mory 77290; 1 990
Moëlan-sur-Mer 29350;  540
Moirans 38430;  690
Moissac 82200; 2 730
Moissy-Cramayel 77550; 1 970
Molsheim 67120;  890
Moncoutant-sur-Sèvre 79320;  350
Mondelange 57300;  560
Mondeville 14120; 1 320
Mondonville 31700;  790
Monistrol-sur-Loire 43120;  750
Mons-en-Baroeul 59370; 2 830
Montaigu 85600; 1 350
Montargis 45200; 3 050
Montataire 60160; 1 930
Montauban 82000; 8 260
Montauban-de-Bretagne 35360;  420
Montauroux 83440;  620
Montbard 21500;  570
Montbéliard 25200; 4 350
Montbonnot-Saint-Martin 38330;  340
Montbrison 42600; 1 670
Montceau-les-Mines 71300; 2 230
Montchanin 71210;  500
Mont-de-Marsan 40000; 3 330
Montdidier 80500;  860
Montech 82700;  700
Montélimar 26200; 5 470
Montereau-Fault-Yonne 77130; 3 380
Montesson 78360; 1 130
Monteux 84170; 1 800
Montévrain 77144; 1 310
Montfermeil 93370; 3 760
Montfort-sur-Meu 35160;  490
Montgeron 91230; 2 240
Montigny-en-Gohelle 62640; 1 290
Montigny-le-Bretonneux 78180; 2 350
Montigny-lès-Cormeilles 95370; 2 490
Montigny-lès-Metz 57158; 2 550
Montivilliers 76290; 1 430
Montlhéry 91310;  880
Montlouis-sur-Loire 37270; 1 020
Montluçon 03100; 5 220
Montluel 01120;  710
Montmagny 95360; 1 670
Montmorency 95160; 1 930
Montmorillon 86500;  600
Montoir-de-Bretagne 44550;  700
Montpellier 34000; 49 830
Montpon-Ménestérol 24700;  710
Montreuil 93100; 18 910
Montreuil-Juigné 49460;  630
Montrevault-sur-Èvre 49110; 1 180
Montrond-les-Bains 42210;  390
Montrouge 92120; 4 290
Monts 37260;  530
Mont-Saint-Aignan 76130; 1 490
Mont-Saint-Martin 54350; 1 070
Montval-sur-Loir 72500;  740
Morangis 91420; 1 240
Morcenx-la-Nouvelle 40110;  480
Mordelles 35310;  630
Morières-lès-Avignon 84310;  930
Morlaix 29600; 2 110
Mormant 77720;  450
Mornant 69440;  390
Morne-à-l'Eau 97111; 3 390
Morsang-sur-Orge 91390; 2 070
Mortagne-sur-Sèvre 85290;  440
Morteau 25500;  650
Mouans-Sartoux 06370;  870
Mougins 06250; 1 820
Mouguerre 64990;  420
Mouilleron-le-Captif 85000;  360
Moulins 03000; 2 860
Moulins-lès-Metz 57160;  450
Mourenx 64150;  800
Mourmelon-le-Grand 51400;  330
Mouroux 77120;  450
Mouvaux 59420; 1 020
Mouy 60250;  660
Moyeuvre-Grande 57250;  860
Mulhouse 68100; 19 530
Mulsanne 72230;  420
Mundolsheim 67450;  420
Muret 31600; 3 410
Mûrs-Erigné 49130;  520
Mutzig 67190;  570
Muzillac 56190;  360
Naintré 86530;  540
Nancy 54000; 13 720
Nandy 77176;  620
Nangis 77370; 1 030
Nans-les-Pins 83860;  380
Nanterre 92000; 12 380
Nantes 44000; 43 690
Nanteuil-lès-Meaux 77100;  600
Narbonne 11100; 9 210
Nègrepelisse 82800;  600
Nemours 77140; 1 810
Nérac 47600;  800
Neufchâteau 88300;  860
Neuilly-Plaisance 93360; 2 200
Neuilly-sur-Marne 93330; 4 640
Neuilly-sur-Seine 92200; 3 750
Neuves-Maisons 54230;  660
Neuville-aux-Bois 45170;  370
Neuville-de-Poitou 86170;  440
Neuville-en-Ferrain 59960;  660
Neuville-sur-Saône 69250;  800
Nevers 58000; 4 210
Nice 06000; 41 010
Nieppe 59850;  670
Nieul-sur-Mer 17137;  470
Nîmes 30000; 24 040
Niort 79000; 6 320
Noeux-les-Mines 62290; 1 640
Nogent-le-Rotrou 28400; 1 120
Nogent-sur-Marne 94130; 2 730
Nogent-sur-Oise 60180; 3 100
Nogent-sur-Seine 10400;  610
Noisiel 77186; 2 020
Noisy-le-Grand 93160; 8 410
Noisy-le-Roi 78590;  440
Noisy-le-Sec 93130; 6 680
Nort-sur-Erdre 44390;  720
Notre-Dame-de-Bondeville 76960;  800
Notre-Dame-de-Gravenchon 76330; 1 020
Nouzonville 08700;  780
Noves 13550;  690
Noyal-Châtillon-sur-Seiche 35230;  880
Noyal-sur-Vilaine 35530;  460
Noyant-Villages 49490;  710
Noyelles-Godault 62950;  840
Noyelles-sous-Lens 62221; 1 030
Noyon 60400; 2 220
Nueil-les-Aubiers 79250;  420
Nuits-Saint-Georges 21700;  440
Nyons 26110;  810
Oberhausbergen 67205;  510
Obernai 67210; 1 080
Octeville-sur-Mer 76930;  360
Oignies 62590; 1 380
Oissel 76350; 1 510
Olivet 45160; 1 670
Ollainville 91290;  440
Ollioules 83190; 1 490
Oloron-Sainte-Marie 64400; 1 390
Ombrée d'Anjou 49420;  890
Ondres 40440;  730
Onet-le-Château 12850; 1 090
Onnaing 59264; 1 200
Oraison 04700;  590
Orange 84100; 4 040
Orchies 59310;  990
Orée d'Anjou 49270; 1 350
Orgères 35230;  540
Orgeval 78630;  490
Orléans 45000; 15 870
Orly 94310; 2 900
Ormesson-sur-Marne 94490;  710
Orsay 91400; 1 100
Orthez 64300; 1 150
Orvanne 77250;  920
Orvault 44700; 2 400
Osny 95520; 1 820
Ostricourt 59162;  820
Ostwald 67540; 1 760
Othis 77280;  510
Ouistreham 14150;  850
Oullins 69600; 3 490
Outreau 62230; 1 500
Oye-Plage 62215;  490
Oyonnax 01100; 3 210
Ozoir-la-Ferrière 77330; 1 850
Pacé 35740;  910
Pacy-sur-Eure 27120;  540
Paimpol 22500;  720
Palaiseau 91120; 2 850
Palavas-les-Flots 34250;  960
Pamiers 09100; 2 330
Panazol 87350;  850
Pantin 93500; 9 290
Papaichton 97316;  300
Paray-le-Monial 71600;  770
Paray-Vieille-Poste 91550;  680
Parempuyre 33290; 1 050
Parentis-en-Born 40160;  870
Parigné-l'Évêque 72250;  310
Paris 75000; 249 230
Parmain 95620;  350
Parthenay 79200; 1 040
Passy 74190;  850
Pau 64000; 10 800
Pauillac 33250;  810
Pavilly 76570; 1 060
Pecquencourt 59146; 1 070
Pégomas 06580;  680
Pélissanne 13330;  990
Penmarch 29760;  500
Pérenchies 59840;  680
Périgny 17180;  790
Périgueux 24000; 4 250
Pernes-les-Fontaines 84210; 1 050
Pérols 34470; 1 180
Péronnas 01960;  560
Péronne 80200; 1 220
Perpignan 66000; 25 580
Perros-Guirec 22700;  640
Persan 95340; 1 850
Pertuis 84120; 2 430
Pessac 33600; 5 740
Petit-Bourg 97170; 3 980
Petit-Canal 97131; 1 480
Petit-Caux 76370;  710
Petit-Couronne 76650; 1 070
Petite-Forêt 59494;  580
Petite-Île 97429; 2 990
Petite-Rosselle 57540;  710
Peymeinade 06530;  780
Peypin 13124;  450
Peyrolles-en-Provence 13860;  580
Pézenas 34120; 1 430
Pfastatt 68120; 1 020
Pia 66380; 1 820
Pibrac 31820;  710
Pierre-Bénite 69310;  490
Pierrefeu-du-Var 83390;  490
Pierrefitte-sur-Seine 93380;  40
Pierrelatte 26700; 1 800
Pierrelaye 95480; 1 160
Pignan 34570;  820
Piolenc 84420;  630
Pithiviers 45300; 1 360
Plabennec 29860;  620
Plaisance-du-Touch 31830; 2 060
Plaisir 78370; 2 770
Plan-de-Cuques 13380;  770
Plédran 22960;  500
Plérin 22190; 1 160
Plescop 56890;  640
Plessé 44630;  560
Pleurtuit 35730;  670
Ploemeur 56270; 1 250
Ploeren 56880;  540
Ploërmel 56800;  890
Plonéour-Lanvern 29720;  600
Plouay 56240;  410
Ploudalmézeau 29830;  400
Ploufragan 22440; 1 190
Plougastel-Daoulas 29470; 1 060
Plouguerneau 29880;  580
Plouhinec 56680;  500
Plouigneau 29610;  380
Ploumagoar 22970;  470
Plouzané 29280;  840
Pluneret 56400;  550
Pluvigner 56330;  640
Pointe-à-Pitre 97110; 3 890
Pointe-Noire 97116; 1 260
Poissy 78300; 4 390
Poisy 74330; 1 000
Poitiers 86000; 12 160
Pollestres 66450;  670
Pont-à-Mousson 54700; 1 570
Pontarlier 25300; 2 110
Pont-Audemer 27500; 1 360
Pontault-Combault 77340; 3 650
Pontcharra 38530;  690
Pontchâteau 44160;  940
Pont-de-Chéruy 38230;  660
Pont-du-Château 63430;  970
Pont-Évêque 38780;  680
Pontivy 56300; 1 310
Pont-l'Abbé 29120;  820
Pont-l'Évêque 14130;  440
Pontoise 95000; 3 780
Pont-Sainte-Marie 10150;  680
Pont-Sainte-Maxence 60700; 1 520
Pont-Saint-Esprit 30130; 1 470
Pont-Saint-Martin 44860;  500
Pordic 22590;  580
Pornic 44210; 1 450
Pornichet 44380; 1 060
Port-de-Bouc 13110; 3 390
Portes-lès-Valence 26800; 1 100
Portet-sur-Garonne 31120; 1 080
Port-la-Nouvelle 11210;  920
Port-Louis 97117; 1 250
Porto-Vecchio 20137; 1 640
Port-Saint-Louis-du-Rhône 13230; 1 090
Pourrières 83910;  430
Poussan 34560;  730
Pouzauges 85700;  450
Prades 66500; 1 030
Prades-le-Lez 34730;  560
Prévessin-Moëns 01280;  640
Privas 07000; 1 070
Provins 77160; 1 550
Publier 74500;  780
Puget-sur-Argens 83480; 1 240
Puilboreau 17138;  570
Pulnoy 54420;  410
Puteaux 92800; 4 060
Quesnoy-sur-Deûle 59890;  550
Questembert 56230;  720
Quetigny 21800;  990
Quéven 56530;  690
Quiévrechain 59920;  930
Quimper 29000; 7 230
Quimperlé 29300; 1 360
Quincy-sous-Sénart 91480;  940
Quincy-Voisins 77860;  390
Quint-Fonsegrives 31130;  450
Rabastens 81800;  720
Raismes 59590; 1 990
Rambervillers 88700;  710
Rambouillet 78120; 2 050
Ramonville-Saint-Agne 31520; 1 760
Raon-l'Étape 88110;  990
Redon 35600; 1 200
Reichshoffen 67110;  500
Reignier-Ésery 74930;  730
Reims 51100; 25 550
Remiremont 88200;  930
Remire-Montjoly 97354; 2 480
Rennes 35000; 32 470
Rethel 08300;  850
Revel 31250; 1 140
Revin 08500;  890
Reyrieux 01600;  370
Rezé 44400; 5 330
Riantec 56670;  520
Riedisheim 68400; 1 160
Rillieux-la-Pape 69140; 3 930
Riom 63200; 2 230
Riorges 42153; 1 030
Ris-Orangis 91130; 3 760
Rive-de-Gier 42800; 1 930
Rives 38140;  600
Rivesaltes 66600; 1 480
Rives-du-Loir-en-Anjou 49140;  370
Rivière-Pilote 97211; 2 190
Rivière-Salée 97215; 2 210
Rixheim 68170; 1 410
Roanne 42300; 5 130
Rocbaron 83136;  520
Rochefort 17300; 3 380
Rochefort-du-Gard 30650;  720
Roche-la-Molière 42230;  920
Rodez 12000; 2 490
Rognac 13340; 1 170
Roissy-en-Brie 77680; 2 180
Romagnat 63540;  570
Romainville 93230; 5 100
Romans-sur-Isère 26100; 4 760
Rombas 57120; 1 070
Romilly-sur-Seine 10100; 2 280
Romorantin-Lanthenay 41200; 2 480
Ronchin 59790; 2 450
Roncq 59223; 1 110
Roost-Warendin 59286;  660
Roquebrune-Cap-Martin 06190; 1 100
Roquebrune-sur-Argens 83520; 1 860
Roquefort-la-Bédoule 13830;  430
Roquefort-les-Pins 06330;  490
Roquemaure 30150;  710
Roques 31120;  620
Roquevaire 13360;  860
Rosheim 67560;  350
Rosières-près-Troyes 10430;  350
Rosny-sous-Bois 93110; 6 600
Rosny-sur-Seine 78710;  860
Rosporden 29140;  680
Roubaix 59100; 19 880
Rouen 76000; 17 360
Rousset 13790;  590
Roussillon 38150;  940
Rouvroy 62320; 1 270
Royan 17200; 2 200
Roye 80700;  920
Rueil-Malmaison 92500; 6 770
Ruelle-sur-Touvre 16600;  820
Rumilly 74150; 1 500
Rungis 94150;  410
Sablé-sur-Sarthe 72300; 1 470
Sainghin-en-Weppes 59184;  360
Sains-en-Gohelle 62114;  740
Saint-Affrique 12400;  720
Saint-Alban 31140;  830
Saint-Alban-Leysse 73230;  610
Saint-Amand-les-Eaux 59230; 1 870
Saint-Amand-Montrond 18200; 1 010
Saint-André 97440; 13 870
Saint-André-de-Cubzac 33240; 1 490
Saint-André-de-la-Roche 06730;  420
Saint-André-de-Sangonis 34725;  820
Saint-André-des-Eaux 44117;  490
Saint-André-les-Vergers 10120; 1 450
Saint-André-lez-Lille 59350; 1 290
Saint-Apollinaire 21850;  590
Saint-Arnoult-en-Yvelines 78730;  340
Saint-Astier 24110;  580
Saint-Aubin-de-Médoc 33160;  580
Saint-Aubin-lès-Elbeuf 76410;  980
Saint-Avé 56890;  950
Saint-Avertin 37550; 1 090
Saint-Avold 57500; 2 040
Saint-Barthélemy-d'Anjou 49124; 1 080
Saint-Benoît 86280;  560
Saint-Benoît 97470; 10 160
Saint-Berthevin 53940;  560
Saint-Bonnet-de-Mure 69720;  400
Saint-Brevin-les-Pins 44250; 1 090
Saint-Brice-sous-Forêt 95350; 1 490
Saint-Brieuc 22000; 6 520
Saint-Cannat 13760;  530
Saint-Chamas 13250;  880
Saint-Chamond 42400; 4 480
Saint-Chéron 91530;  410
Saint-Christol-lès-Alès 30380;  960
Saint-Claude 39200; 1 010
Saint-Claude 97120; 1 320
Saint-Clément-de-Rivière 34980;  330
Saint-Cloud 92210; 1 970
Saint-Cyprien 66750; 1 740
Saint-Cyr-au-Mont-d'Or 69450;  480
Saint-Cyr-l'École 78210; 1 880
Saint-Cyr-sur-Loire 37540; 1 490
Saint-Cyr-sur-Mer 83270; 1 190
Saint-Denis 93200; 21 980
Saint-Denis 97400; 33 860
Saint-Denis-de-Pile 33910;  760
Saint-Denis-en-Val 45560;  510
Saint-Denis-lès-Bourg 01000;  450
Saint-Didier-au-Mont-d'Or 69370;  430
Saint-Dié-des-Vosges 88100; 3 250
Saint-Dizier 52100; 3 200
Saint-Doulchard 18230;  640
Sainte-Adresse 76310;  470
Sainte-Anne 97180; 4 510
Sainte-Eulalie 33560;  460
Sainte-Foy-lès-Lyon 69110; 1 670
Sainte-Geneviève-des-Bois 91700; 3 680
Saint-Égrève 38120; 1 390
Sainte-Livrade-sur-Lot 47110;  890
Sainte-Luce 97228; 1 560
Sainte-Luce-sur-Loire 44980; 1 340
Sainte-Marie 97230; 3 110
Sainte-Marie 97438; 7 760
Sainte-Marie-aux-Mines 68160;  500
Sainte-Maxime 83120; 1 730
Sainte-Pazanne 44680;  520
Sainte-Rose 97115; 3 770
Sainte-Rose 97439; 1 880
Saintes 17100; 3 100
Sainte-Savine 10300; 1 280
Sainte-Sigolène 43600;  540
Sainte-Soulle 17220;  460
Saint-Esprit 97270; 1 490
Saint-Estève 66240; 1 270
Sainte-Suzanne 97441; 5 490
Saint-Étienne 42000; 25 130
Saint-Étienne-au-Mont 62360;  500
Saint-Étienne-de-Montluc 44360;  520
Saint-Étienne-du-Rouvray 76800; 4 150
Saint-Fargeau-Ponthierry 77310; 1 450
Saint-Florent-sur-Cher 18400;  610
Saint-Flour 15100;  610
Saint-Fons 69190; 3 160
Saint-François 97118; 3 210
Saint-Galmier 42330;  420
Saint-Gaudens 31800; 1 840
Saint-Gély-du-Fesc 34980;  660
Saint-Genest-Lerpt 42530;  510
Saint-Genis-Laval 69230; 1 620
Saint-Genis-les-Ollières 69290;  360
Saint-Genis-Pouilly 01630; 1 180
Saint-Georges-de-Didonne 17110;  440
Saint-Georges-d'Orques 34680;  650
Saint-Germain-du-Puy 18390;  410
Saint-Germain-en-Laye 78100; 3 420
Saint-Germain-lès-Arpajon 91180; 1 090
Saint-Germain-lès-Corbeil 91250;  580
Saint-Gervais-les-Bains 74170;  530
Saint-Gilles 30800; 2 460
Saint-Gilles 35590;  420
Saint-Gilles-Croix-de-Vie 85800;  720
Saint-Girons 09200;  930
Saint-Gratien 95210; 2 320
Saint-Grégoire 35760;  710
Saint-Herblain 44800; 5 970
Saint-Hilaire-de-Riez 85270; 1 230
Saint-Hilaire-du-Harcouët 50600;  490
Saint-Ismier 38330;  400
Saint-Jacques-de-la-Lande 35136; 1 960
Saint-Jean 31240; 1 060
Saint-Jean-Bonnefonds 42650;  540
Saint-Jean-d'Angély 17400;  970
Saint-Jean-de-Boiseau 44640;  540
Saint-Jean-de-Braye 45800; 2 770
Saint-Jean-de-la-Ruelle 45140; 2 340
Saint-Jean-de-Luz 64500; 1 770
Saint-Jean-de-Maurienne 73300;  470
Saint-Jean-de-Monts 85160; 1 130
Saint-Jean-de-Védas 34430; 1 530
Saint-Jean-d'Illac 33127;  750
Saint-Jean-le-Blanc 45650;  980
Saint-Jorioz 74410;  470
Saint-Jory 31790; 1 320
Saint-Joseph 97212; 2 590
Saint-Joseph 97480; 10 530
Saint-Juéry 81160;  770
Saint-Julien-de-Concelles 44450;  550
Saint-Julien-en-Genevois 74160; 1 580
Saint-Julien-les-Villas 10800;  790
Saint-Junien 87200; 1 220
Saint-Just-en-Chaussée 60130;  810
Saint-Just-Saint-Rambert 42170; 1 040
Saint-Laurent-Blangy 62223;  800
Saint-Laurent-de-la-Salanque 66250; 1 480
Saint-Laurent-de-Mure 69720;  420
Saint-Laurent-du-Maroni 97320; 9 370
Saint-Laurent-du-Var 06700; 2 990
Saint-Laurent-Médoc 33112;  520
Saint-Leu 97436; 10 050
Saint-Leu-la-Forêt 95320; 1 340
Saint-Lô 50000; 2 340
Saint-Loubès 33450; 1 010
Saint-Louis 68300; 2 910
Saint-Louis 97434; 15 370
Saint-Lyphard 44410;  380
Saint-Lys 31470;  930
Saint-Macaire-en-Mauges 49450; 1 860
Saint-Maixent-l'École 79400;  760
Saint-Malo 35400; 5 110
Saint-Mandé 94160; 1 640
Saint-Mandrier-sur-Mer 83430;  540
Saint-Marcel 71380;  630
Saint-Marcel-lès-Valence 26320;  600
Saint-Marcellin 38160;  940
Saint-Marcellin-en-Forez 42680;  450
Saint-Mars-du-Désert 44850;  350
Saint-Martin-Boulogne 62280; 1 230
Saint-Martin-de-Crau 13310; 1 640
Saint-Martin-de-Seignanx 40390;  560
Saint-Martin-d'Hères 38400; 3 750
Saint-Martin-d'Uriage 38410;  330
Saint-Martin-la-Pallu 86380;  460
Saint-Martin-le-Vinoux 38950;  620
Saint-Martin-lez-Tatinghem 62500;  510
Saint-Maur-des-Fossés 94100; 6 000
Saint-Maurice 94410; 1 220
Saint-Maurice-l'Exil 38550;  670
Saint-Max 54130; 1 120
Saint-Maximin-la-Sainte-Baume 83470; 1 690
Saint-Médard-en-Jalles 33160; 2 480
Saint-Memmie 51470;  600
Saint-Michel-Chef-Chef 44730;  520
Saint-Michel-sur-Orge 91240; 2 170
Saint-Mitre-les-Remparts 13920;  580
Saint-Nazaire 44600; 9 040
Saint-Nicolas-de-Port 54210;  650
Saint-Nom-la-Bretèche 78860;  250
Saint-Omer 62500; 2 550
Saint-Orens-de-Gameville 31650; 1 360
Saint-Ouen 93400; 8 290
Saint-Ouen-l'Aumône 95310; 3 160
Saint-Pathus 77178;  450
Saint-Paul 97460; 26 080
Saint-Paul-lès-Dax 40990; 1 630
Saint-Paul-Trois-Châteaux 26130;  940
Saint-Pée-sur-Nivelle 64310;  650
Saint-Péray 07130;  600
Saint-Philbert-de-Grand-Lieu 44310;  680
Saint-Philippe 97442; 1 430
Saint-Pierre 97410; 22 500
Saint-Pierre-des-Corps 37700; 2 520
Saint-Pierre-d'Irube 64990;  520
Saint-Pierre-d'Oléron 17310;  780
Saint-Pierre-du-Mont 40280; 1 020
Saint-Pierre-du-Perray 91280;  930
Saint-Pierre-en-Auge 14170;  680
Saint-Pierre-en-Faucigny 74800;  660
Saint-Pierre-lès-Elbeuf 76320;  920
Saint-Pierre-lès-Nemours 77140;  440
Saint-Pol-de-Léon 29250;  710
Saint-Pol-sur-Ternoise 62130;  620
Saint-Pourçain-sur-Sioule 03500;  490
Saint-Priest 69800; 5 990
Saint-Priest-en-Jarez 42270;  470
Saint-Privat-des-Vieux 30340;  550
Saint-Prix 95390;  600
Saint-Pryvé-Saint-Mesmin 45750;  570
Saint-Quentin 02100; 9 070
Saint-Quentin-Fallavier 38070;  560
Saint-Rambert-d'Albon 26140;  820
Saint-Raphaël 83700; 4 050
Saint-Rémy 71100;  540
Saint-Rémy-de-Provence 13210; 1 000
Saint-Rémy-lès-Chevreuse 78470;  410
Saint-Renan 29290;  530
Saintry-sur-Seine 91250;  440
Saint-Saturnin-lès-Avignon 84450;  480
Saint-Saulve 59880; 1 300
Saint-Sébastien-de-Morsent 27180;  420
Saint-Sébastien-sur-Loire 44230; 2 610
Saint-Sever 40500;  520
Saint-Sulpice-la-Pointe 81370;  910
Saint-Symphorien-d'Ozon 69360;  470
Saint-Thibault-des-Vignes 77400;  620
Saint-Vallier 71230;  760
Saint-Victoret 13730;  670
Saint-Vincent-de-Tyrosse 40230;  930
Saint-Vit 25410;  400
Saint-Xandre 17138;  470
Saint-Yrieix-la-Perche 87500;  550
Saint-Yrieix-sur-Charente 16710;  710
Saint-Zacharie 83640;  430
Salazie 97433; 2 000
Salbris 41300;  430
Saleilles 66280;  570
Sallanches 74700; 1 270
Sallaumines 62430; 1 600
Salles 33770;  710
Salon-de-Provence 13300; 5 670
Sanary-sur-Mer 83110; 1 730
Sannois 95110; 3 090
Santes 59211;  380
Saran 45770; 1 940
Sarcelles 95200; 9 290
Sarlat-la-Canéda 24200; 1 070
Sarrebourg 57400; 1 450
Sarreguemines 57200; 2 760
Sarrians 84260;  680
Sartrouville 78500; 5 820
Sarzeau 56370;  670
Sassenage 38360;  840
Sathonay-Camp 69580;  590
Saujon 17600;  670
Saulx-les-Chartreux 91160;  540
Saumur 49400; 3 690
Sausheim 68390;  480
Sausset-les-Pins 13960;  540
Sautron 44880;  550
Sauvian 34410;  620
Savenay 44260;  730
Saverne 67700; 1 260
Savigny-le-Temple 77176; 3 430
Savigny-sur-Orge 91600; 3 510
Scaër 29390;  520
Sceaux 92330; 1 280
Schiltigheim 67300; 4 910
Schoelcher 97233; 2 760
Schweighouse-sur-Moder 67590;  400
Sciez 74140;  590
Scionzier 74950; 1 110
Seclin 59113; 1 660
Sedan 08200; 3 010
Segré 49500; 1 520
Seichamps 54280;  360
Sélestat 67600; 2 120
Seloncourt 25230;  720
Séméac 65600;  530
Sénas 13560;  810
Séné 56860;  850
Senlis 60300; 1 360
Sens 89100; 3 800
Septèmes-les-Vallons 13240; 1 260
Sérignan 34410; 1 270
Serris 77700; 1 020
Servian 34290;  660
Sète 34200; 6 620
Sevran 93270; 7 630
Sèvremont 85700;  520
Sèvres 92310; 1 860
Seysses 31600; 1 140
Seyssinet-Pariset 38170;  910
Seyssins 38180;  540
Sézanne 51120;  570
Sigean 11130;  800
Sillingy 74330;  400
Simiane-Collongue 13109;  420
Sin-le-Noble 59450; 2 330
Sisteron 04200;  940
Six-Fours-les-Plages 83140; 3 650
Soissons 02200; 4 410
Soisy-sous-Montmorency 95230; 1 650
Soisy-sur-Seine 91450;  490
Solliès-Pont 83210; 1 270
Solliès-Toucas 83210;  460
Somain 59490; 1 810
Sommières 30250;  770
Sorbiers 42290;  580
Sorgues 84700; 2 700
Sotteville-lès-Rouen 76300; 4 600
Souffelweyersheim 67460;  650
Souleuvre en Bocage 14350;  620
Soultz-Haut-Rhin 68360;  660
Souppes-sur-Loing 77460;  640
Soustons 40140;  940
Soyaux 16800; 1 580
Stains 93240; 6 220
Stiring-Wendel 57350; 1 530
Strasbourg 67000; 40 960
Sucé-sur-Erdre 44240;  510
Sucy-en-Brie 94370; 2 180
Sully-sur-Loire 45600;  650
Suresnes 92150; 4 280
Surgères 17700;  800
Sury-le-Comtal 42450;  690
Surzur 56450;  380
Tain-l'Hermitage 26600;  730
Talange 57525;  860
Talant 21240; 1 170
Talence 33400; 5 820
Talmont-Saint-Hilaire 85440;  800
Tarare 69170; 1 240
Tarascon 13150; 2 430
Tarbes 65000; 6 810
Tarnos 40220; 1 310
Tassin-la-Demi-Lune 69160; 1 890
Taverny 95150; 2 410
Templeuve 59242;  470
Tergnier 02700; 2 040
Ternay 69360;  460
Terrasson-Lavilledieu 24120;  790
Terville 57180;  730
Téteghem 59229;  580
Thann 68800;  890
Thaon-les-Vosges 88150; 1 020
Theix 56450;  650
Thiais 94320; 3 420
Thiers 63300; 1 850
Thionville 57100; 4 210
Thizy-les-Bourgs 69240;  570
Thoiry 01710;  380
Thônes 74230;  470
Thonon-les-Bains 74200; 4 560
Thorigné-Fouillard 35235;  650
Thorigny-sur-Marne 77400; 1 030
Thouaré-sur-Loire 44470;  840
Thouars 79100; 1 610
Thue et Mue 14740;  410
Thuir 66300; 1 470
Thyez 74300;  540
Tignieu-Jameyzieu 38230;  640
Tinchebray-Bocage 61800;  370
Tinqueux 51430;  900
Tomblaine 54510;  970
Tonnay-Charente 17430;  910
Tonneins 47400; 1 300
Torcy 77200; 2 730
Toul 54200; 2 110
Toulon 83000; 22 100
Toulouges 66350;  900
Toulouse 31000; 78 960
Tourcoing 59200; 15 910
Tournan-en-Brie 77220;  680
Tournefeuille 31170; 2 860
Tournon-sur-Rhône 07300; 1 340
Tournus 71700;  640
Tours 37000; 19 300
Tourves 83170;  570
Trans-en-Provence 83720;  710
Trappes 78190; 4 620
Trèbes 11800;  690
Trégueux 22950;  740
Trégunc 29910;  550
Treillières 44119;  720
Trélazé 49800; 2 080
Trélissac 24750;  670
Tremblay-en-France 93290; 4 630
Tresses 33370;  400
Trets 13530;  980
Trévoux 01600;  710
Triel-sur-Seine 78510; 1 020
Trignac 44570; 1 000
Trilport 77470;  460
Trith-Saint-Léger 59125;  760
Trois-Rivières 97114; 1 500
Troyes 10000; 9 610
Tulle 19000; 1 540
Tullins 38210;  780
Uckange 57270;  880
Ugine 73400;  650
Unieux 42240;  940
Urrugne 64122;  990
Ussel 19200;  730
Ustaritz 64480;  810
Uzès 30700; 1 020
Vaires-sur-Marne 77360; 1 160
Vaison-la-Romaine 84110;  660
Val d'Erdre-Auxence 49370;  350
Valbonne 06560; 1 030
Valdahon 25800;  370
Valdallière 14410;  460
Val-de-Moder 67350;  450
Val-de-Reuil 27100; 1 940
Valdoie 90300;  620
Valence 26000; 9 840
Valence 82400;  870
Valenciennes 59300; 7 530
Valentigney 25700; 1 620
Valenton 94460; 1 990
Vallauris 06220; 3 500
Vallet 44330;  730
Vallons-de-l'Erdre 44540;  580
Valognes 50700;  500
Valréas 84600; 1 120
Vandoeuvre-lès-Nancy 54500; 3 510
Vannes 56000; 6 020
Vanves 92170; 2 250
Varces-Allières-et-Risset 38760;  500
Varennes-Vauzelles 58640;  700
Vaucresson 92420;  540
Vaugneray 69670;  380
Vaujours 93410;  930
Vaulx-en-Velin 69120; 8 330
Vauréal 95490; 1 600
Vauvert 30600; 1 680
Vaux-le-Pénil 77000;  970
Vaux-sur-Seine 78740;  450
Veauche 42340;  590
Vedène 84270; 1 230
Veigné 37250;  530
Velaux 13880;  670
Vélizy-Villacoublay 78140; 1 650
Vence 06140; 1 640
Vendargues 34740;  770
Vendenheim 67550;  560
Vendin-le-Vieil 62880;  940
Vendôme 41100; 1 870
Venelles 13770;  590
Vénissieux 69200; 11 290
Ventabren 13122;  550
Verdun 55100; 2 320
Vergèze 30310;  570
Vernaison 69390;  410
Verneuil-sur-Avre 27130;  920
Verneuil-sur-Seine 78480; 1 480
Verneuil-sur-Vienne 87430;  230
Vernon 27200; 3 330
Vernouillet 28500; 1 630
Vernouillet 78540;  890
Vern-sur-Seiche 35770;  750
Verrières-en-Anjou 49480;  670
Verrières-le-Buisson 91370;  900
Versailles 78000; 5 720
Vertou 44120; 2 000
Vert-Saint-Denis 77240;  810
Vesoul 70000; 2 250
Vétraz-Monthoux 74100; 1 090
Vexin-sur-Epte 27630;  430
Vezin-le-Coquet 35132;  620
Viarmes 95270;  390
Vias 34450; 1 180
Vic-en-Bigorre 65500;  520
Vichy 03200; 3 550
Vic-le-Comte 63270;  410
Vidauban 83550; 1 590
Vienne 38200; 3 730
Vierzon 18100; 3 610
Vieux-Condé 59690; 1 330
Vieux-Habitants 97119; 1 610
Vif 38450;  550
Vigneux-de-Bretagne 44360;  420
Vigneux-sur-Seine 91270; 3 410
Villabé 91100;  530
Villard-Bonnot 38190;  560
Villars 42390;  640
Villars-les-Dombes 01330;  350
Villebon-sur-Yvette 91140;  690
Villecresnes 94440;  870
Ville-d'Avray 92410;  780
Villefontaine 38090; 2 740
Villefranche-de-Lauragais 31290;  480
Villefranche-de-Rouergue 12200; 1 170
Villefranche-sur-Mer 06230;  360
Villefranche-sur-Saône 69400; 5 190
Villejuif 94800; 7 250
Ville-la-Grand 74100; 1 100
Villemandeur 45700;  700
Villemoisson-sur-Orge 91360;  560
Villemomble 93250; 3 390
Villemur-sur-Tarn 31340;  680
Villenave-d'Ornon 33140; 4 930
Villeneuve-d'Ascq 59491; 7 400
Villeneuve-en-Retz 44580;  450
Villeneuve-la-Garenne 92390; 3 400
Villeneuve-le-Roi 94290; 2 190
Villeneuve-lès-Avignon 30400; 1 210
Villeneuve-lès-Maguelone 34750; 1 110
Villeneuve-Loubet 06270; 1 820
Villeneuve-Saint-Georges 94190; 4 580
Villeneuve-sur-Lot 47300; 3 450
Villeneuve-sur-Yonne 89500;  650
Villeneuve-Tolosane 31270; 1 240
Villennes-sur-Seine 78670;  480
Villenoy 77124;  480
Villeparisis 77270; 2 980
Villepinte 93420; 5 170
Villepreux 78450;  740
Villerest 42300;  380
Villers-Cotterêts 02600; 1 350
Villers-le-Lac 25130;  460
Villers-lès-Nancy 54600; 1 030
Villers-Saint-Paul 60870;  850
Villerupt 54190;  930
Villetaneuse 93430; 1 820
Villette-d'Anthon 38280;  270
Villeurbanne 69100; 21 910
Villiers-le-Bel 95400; 4 400
Villiers-sur-Marne 94350; 3 520
Vincennes 94300; 4 320
Vindry-sur-Turdine 69490;  330
Vineuil 41350;  620
Vire 14500; 1 650
Viriat 01440;  470
Viroflay 78220; 1 050
Viry 74580;  450
Viry-Châtillon 91170; 3 500
Vitré 35500; 1 850
Vitrolles 13127; 4 610
Vitry-le-François 51300; 1 710
Vitry-sur-Seine 94400; 11 830
Vittel 88800;  450
Vizille 38220;  650
Voiron 38500; 2 290
Voisins-le-Bretonneux 78960;  640
Voreppe 38340;  750
Vouneuil-sous-Biard 86580;  460
Wallers 59135;  640
Wambrechies 59118;  810
Wasquehal 59290; 1 890
Wasselonne 67310;  510
Wattignies 59139; 1 710
Wattrelos 59150; 5 510
Wavrin 59136;  650
Waziers 59119; 1 310
Wervicq-Sud 59117;  450
Wimereux 62930;  520
Wingles 62410; 1 170
Wintzenheim 68920;  640
Wissembourg 67160;  690
Wissous 91320;  480
Witry-lès-Reims 51420;  330
Wittelsheim 68310; 1 030
Wittenheim 68270; 1 640
Woippy 57140; 2 340
Wormhout 59470;  380
Yerres 91330; 2 020
Yffiniac 22120;  450
Yssingeaux 43200;  630
Yutz 57110; 1 760
Yvetot 76190; 1 150
Yzeure 03400; 1 040
